区块ID,访问频率_次每秒,K值
0,10.0,20
1,12.0,20
2,6.0,20
3,9.0,20
4,8.0,20
5,22.0,20
6,7.0,20
7,7.0,20
8,1.0,20
9,10.0,20
10,5.0,20
11,24.0,20
12,27.0,20
13,25.0,20
14,7.0,20
15,50.0,20
16,3.0,20
17,27.0,20
18,7.0,20
19,5.0,20
20,13.0,20
21,8.0,20
22,5.0,20
23,61.0,20
24,10.0,20
25,2.0,20
26,5.0,20
27,4.0,20
28,16.0,20
29,10.0,20
30,21.0,20
31,20.0,20
32,4.0,20
33,14.0,20
34,56.0,20
35,10.0,20
36,46.0,20
37,7.0,20
38,5.0,20
39,7.0,20
40,19.0,20
41,5.0,20
42,14.0,20
43,34.0,20
44,19.0,20
45,60.0,20
46,16.0,20
47,93.0,20
48,10.0,20
49,9.0,20
50,15.0,20
51,2.0,20
52,2.0,20
53,7.0,20
54,271.0,19
55,7.0,20
56,4.0,20
57,28.0,20
58,12.0,20
59,9.0,20
60,10.0,20
61,30.0,20
62,14.0,20
63,37.0,20
64,2.0,20
65,6.0,20
66,4.0,20
67,6.0,20
68,18.0,20
69,62.0,20
70,7.0,20
71,14.0,20
72,67.0,20
73,3.0,20
74,2.0,20
75,11.0,20
76,5.0,20
77,12.0,20
78,16.0,20
79,7.0,20
80,5.0,20
81,2.0,20
82,11.0,20
83,19.0,20
84,7.0,20
85,43.0,20
86,7.0,20
87,33.0,20
88,17.0,20
89,4.0,20
90,24.0,20
91,15.0,20
92,15.0,20
93,2.0,20
94,43.0,20
95,20.0,20
96,10.0,20
97,2.0,20
98,3.0,20
99,37.0,20
100,33.0,20
101,37.0,20
102,18.0,20
103,1.0,20
104,13.0,20
105,2.0,20
106,1.0,20
107,4.0,20
108,34.0,20
109,25.0,20
110,83.0,20
111,3.0,20
112,21.0,20
113,122.0,20
114,35.0,20
115,6.0,20
116,1.0,20
117,6.0,20
118,20.0,20
119,4.0,20
120,7.0,20
121,61.0,20
122,31.0,20
123,8.0,20
124,85.0,20
125,17.0,20
126,9.0,20
127,28.0,20
128,8.0,20
129,39.0,20
130,17.0,20
131,44.0,20
132,8.0,20
133,5.0,20
134,2.0,20
135,113.0,20
136,32.0,20
137,17.0,20
138,6.0,20
139,2.0,20
140,11.0,20
141,50.0,20
142,18.0,20
143,66.0,20
144,2.0,20
145,12.0,20
146,5.0,20
147,29.0,20
148,27.0,20
149,9.0,20
150,7.0,20
151,7.0,20
152,6.0,20
153,4.0,20
154,2.0,20
155,6.0,20
156,53.0,20
157,9.0,20
158,18.0,20
159,7.0,20
160,2.0,20
161,3.0,20
162,7.0,20
163,75.0,20
164,4.0,20
165,13.0,20
166,2.0,20
167,15.0,20
168,28.0,20
169,7.0,20
170,26.0,20
171,9.0,20
172,12.0,20
173,69.0,20
174,8.0,20
175,23.0,20
176,15.0,20
177,131.0,20
178,6.0,20
179,4.0,20
180,7.0,20
181,1.0,20
182,24.0,20
183,11.0,20
184,32.0,20
185,2.0,20
186,13.0,20
187,5.0,20
188,3.0,20
189,12.0,20
190,7.0,20
191,15.0,20
192,98.0,20
193,5.0,20
194,5.0,20
195,30.0,20
196,1.0,20
197,5.0,20
198,97.0,20
199,12.0,20
200,2.0,20
201,9.0,20
202,15.0,20
203,3.0,20
204,6.0,20
205,7.0,20
206,19.0,20
207,27.0,20
208,22.0,20
209,3.0,20
210,72.0,20
211,10.0,20
212,49.0,20
213,8.0,20
214,40.0,20
215,12.0,20
216,12.0,20
217,3.0,20
218,4.0,20
219,7.0,20
220,11.0,20
221,2.0,20
222,3.0,20
223,1.0,20
224,4.0,20
225,40.0,20
226,8.0,20
227,7.0,20
228,9.0,20
229,4.0,20
230,11.0,20
231,18.0,20
232,64.0,20
233,4.0,20
234,2.0,20
235,9.0,20
236,21.0,20
237,50.0,20
238,8.0,20
239,8.0,20
240,5.0,20
241,2.0,20
242,118.0,20
243,12.0,20
244,4.0,20
245,17.0,20
246,8.0,20
247,16.0,20
248,30.0,20
249,62.0,20
250,27.0,20
251,3.0,20
252,2.0,20
253,11.0,20
254,6.0,20
255,9.0,20
256,4.0,20
257,12.0,20
258,4.0,20
259,58.0,20
260,4.0,20
261,9.0,20
262,2.0,20
263,3.0,20
264,6.0,20
265,218.0,19
266,96.0,20
267,7.0,20
268,31.0,20
269,7.0,20
270,3.0,20
271,2.0,20
272,3.0,20
273,10.0,20
274,23.0,20
275,11.0,20
276,21.0,20
277,6.0,20
278,19.0,20
279,3.0,20
280,16.0,20
281,4.0,20
282,5.0,20
283,47.0,20
284,6.0,20
285,152.0,19
286,42.0,20
287,18.0,20
288,2.0,20
289,2.0,20
290,4.0,20
291,6.0,20
292,7.0,20
293,1.0,20
294,38.0,20
295,4.0,20
296,27.0,20
297,205.0,19
298,3.0,20
299,71.0,20
300,33.0,20
301,17.0,20
302,8.0,20
303,12.0,20
304,31.0,20
305,2.0,20
306,1.0,20
307,22.0,20
308,20.0,20
309,2.0,20
310,6.0,20
311,13.0,20
312,3.0,20
313,8.0,20
314,14.0,20
315,15.0,20
316,304.0,18
317,16.0,20
318,4.0,20
319,13.0,20
320,3.0,20
321,48.0,20
322,7.0,20
323,2.0,20
324,9.0,20
325,11.0,20
326,5.0,20
327,8.0,20
328,91.0,20
329,42.0,20
330,11.0,20
331,17.0,20
332,3.0,20
333,20.0,20
334,3.0,20
335,2.0,20
336,41.0,20
337,1.0,20
338,54.0,20
339,14.0,20
340,5.0,20
341,5.0,20
342,2.0,20
343,51.0,20
344,5.0,20
345,6.0,20
346,11.0,20
347,1.0,20
348,2.0,20
349,6.0,20
350,10.0,20
351,69.0,20
352,1.0,20
353,4.0,20
354,14.0,20
355,4.0,20
356,36.0,20
357,2.0,20
358,9.0,20
359,6.0,20
360,59.0,20
361,6.0,20
362,12.0,20
363,10.0,20
364,16.0,20
365,4.0,20
366,30.0,20
367,1.0,20
368,169.0,19
369,2.0,20
370,7.0,20
371,11.0,20
372,50.0,20
373,46.0,20
374,40.0,20
375,4.0,20
376,32.0,20
377,30.0,20
378,30.0,20
379,2.0,20
380,8.0,20
381,17.0,20
382,18.0,20
383,3.0,20
384,38.0,20
385,8.0,20
386,4.0,20
387,14.0,20
388,30.0,20
389,19.0,20
390,93.0,20
391,9.0,20
392,7.0,20
393,11.0,20
394,3.0,20
395,21.0,20
396,7.0,20
397,2.0,20
398,8.0,20
399,11.0,20
400,3.0,20
401,35.0,20
402,20.0,20
403,3.0,20
404,36.0,20
405,10.0,20
406,19.0,20
407,50.0,20
408,2.0,20
409,18.0,20
410,2.0,20
411,6.0,20
412,2.0,20
413,12.0,20
414,1.0,20
415,11.0,20
416,4.0,20
417,96.0,20
418,3.0,20
419,1.0,20
420,28.0,20
421,54.0,20
422,9.0,20
423,78.0,20
424,92.0,20
425,2.0,20
426,68.0,20
427,22.0,20
428,6.0,20
429,4.0,20
430,4.0,20
431,296.0,18
432,53.0,20
433,12.0,20
434,7.0,20
435,16.0,20
436,12.0,20
437,56.0,20
438,2.0,20
439,29.0,20
440,14.0,20
441,8.0,20
442,11.0,20
443,20.0,20
444,28.0,20
445,9.0,20
446,9.0,20
447,26.0,20
448,2.0,20
449,13.0,20
450,26.0,20
451,1.0,20
452,2.0,20
453,21.0,20
454,3.0,20
455,14.0,20
456,19.0,20
457,5.0,20
458,19.0,20
459,3.0,20
460,2.0,20
461,84.0,20
462,8.0,20
463,18.0,20
464,16.0,20
465,28.0,20
466,63.0,20
467,2.0,20
468,1.0,20
469,6.0,20
470,248.0,19
471,89.0,20
472,12.0,20
473,2.0,20
474,10.0,20
475,23.0,20
476,7.0,20
477,3.0,20
478,71.0,20
479,11.0,20
480,5.0,20
481,5.0,20
482,30.0,20
483,5.0,20
484,7.0,20
485,17.0,20
486,7.0,20
487,8.0,20
488,10.0,20
489,45.0,20
490,2.0,20
491,14.0,20
492,27.0,20
493,12.0,20
494,23.0,20
495,6.0,20
496,8.0,20
497,21.0,20
498,11.0,20
499,27.0,20
500,79.0,20
501,70.0,20
502,5.0,20
503,16.0,20
504,50.0,20
505,16.0,20
506,34.0,20
507,10.0,20
508,283.0,18
509,6.0,20
510,37.0,20
511,47.0,20
512,6.0,20
513,11.0,20
514,79.0,20
515,4.0,20
516,27.0,20
517,13.0,20
518,186.0,19
519,4.0,20
520,13.0,20
521,12.0,20
522,2.0,20
523,1.0,20
524,13.0,20
525,22.0,20
526,6.0,20
527,22.0,20
528,10.0,20
529,5.0,20
530,6.0,20
531,17.0,20
532,44.0,20
533,29.0,20
534,16.0,20
535,5.0,20
536,13.0,20
537,2.0,20
538,1.0,20
539,21.0,20
540,1.0,20
541,149.0,19
542,9.0,20
543,5.0,20
544,5.0,20
545,10.0,20
546,8.0,20
547,3.0,20
548,9.0,20
549,25.0,20
550,27.0,20
551,16.0,20
552,9.0,20
553,2.0,20
554,3.0,20
555,2.0,20
556,34.0,20
557,3.0,20
558,24.0,20
559,17.0,20
560,5.0,20
561,52.0,20
562,21.0,20
563,2.0,20
564,14.0,20
565,10.0,20
566,2.0,20
567,8.0,20
568,31.0,20
569,14.0,20
570,3.0,20
571,12.0,20
572,16.0,20
573,3.0,20
574,4.0,20
575,16.0,20
576,2.0,20
577,52.0,20
578,9.0,20
579,103.0,20
580,2.0,20
581,9.0,20
582,12.0,20
583,16.0,20
584,19.0,20
585,4.0,20
586,14.0,20
587,1.0,20
588,6.0,20
589,6.0,20
590,41.0,20
591,26.0,20
592,29.0,20
593,11.0,20
594,22.0,20
595,3.0,20
596,3.0,20
597,17.0,20
598,61.0,20
599,11.0,20
600,3.0,20
601,140.0,20
602,2.0,20
603,7.0,20
604,277.0,18
605,1.0,20
606,16.0,20
607,10.0,20
608,3.0,20
609,67.0,20
610,19.0,20
611,7.0,20
612,10.0,20
613,2.0,20
614,4.0,20
615,16.0,20
616,6.0,20
617,20.0,20
618,2.0,20
619,8.0,20
620,3.0,20
621,16.0,20
622,7.0,20
623,15.0,20
624,8.0,20
625,7.0,20
626,5.0,20
627,5.0,20
628,7.0,20
629,64.0,20
630,7.0,20
631,16.0,20
632,21.0,20
633,2.0,20
634,5.0,20
635,12.0,20
636,4.0,20
637,7.0,20
638,22.0,20
639,36.0,20
640,5.0,20
641,6.0,20
642,2.0,20
643,52.0,20
644,4.0,20
645,4.0,20
646,9.0,20
647,39.0,20
648,10.0,20
649,2.0,20
650,31.0,20
651,37.0,20
652,14.0,20
653,35.0,20
654,3.0,20
655,18.0,20
656,14.0,20
657,10.0,20
658,20.0,20
659,16.0,20
660,3.0,20
661,2.0,20
662,18.0,20
663,13.0,20
664,5.0,20
665,10.0,20
666,76.0,20
667,22.0,20
668,7.0,20
669,11.0,20
670,19.0,20
671,6.0,20
672,14.0,20
673,8.0,20
674,21.0,20
675,25.0,20
676,36.0,20
677,5.0,20
678,4.0,20
679,10.0,20
680,7.0,20
681,106.0,20
682,4.0,20
683,5.0,20
684,5.0,20
685,9.0,20
686,8.0,20
687,27.0,20
688,36.0,20
689,3.0,20
690,18.0,20
691,4.0,20
692,9.0,20
693,63.0,20
694,5.0,20
695,1.0,20
696,17.0,20
697,4.0,20
698,42.0,20
699,75.0,20
700,3.0,20
701,45.0,20
702,12.0,20
703,82.0,20
704,4.0,20
705,32.0,20
706,20.0,20
707,33.0,20
708,33.0,20
709,10.0,20
710,106.0,20
711,163.0,19
712,2.0,20
713,12.0,20
714,24.0,20
715,24.0,20
716,13.0,20
717,14.0,20
718,6.0,20
719,33.0,20
720,14.0,20
721,46.0,20
722,26.0,20
723,1.0,20
724,7.0,20
725,3.0,20
726,2.0,20
727,46.0,20
728,23.0,20
729,55.0,20
730,18.0,20
731,6.0,20
732,3.0,20
733,4.0,20
734,6.0,20
735,41.0,20
736,3.0,20
737,8.0,20
738,4.0,20
739,6.0,20
740,3.0,20
741,7.0,20
742,2.0,20
743,19.0,20
744,8.0,20
745,1.0,20
746,2.0,20
747,41.0,20
748,3.0,20
749,5.0,20
750,3.0,20
751,2.0,20
752,4.0,20
753,23.0,20
754,31.0,20
755,22.0,20
756,15.0,20
757,8.0,20
758,30.0,20
759,1.0,20
760,2.0,20
761,12.0,20
762,3.0,20
763,27.0,20
764,21.0,20
765,2.0,20
766,66.0,20
767,7.0,20
768,3.0,20
769,37.0,20
770,81.0,20
771,9.0,20
772,4.0,20
773,15.0,20
774,33.0,20
775,49.0,20
776,10.0,20
777,3.0,20
778,4.0,20
779,5.0,20
780,8.0,20
781,2.0,20
782,3.0,20
783,60.0,20
784,6.0,20
785,4.0,20
786,150.0,19
787,4.0,20
788,31.0,20
789,65.0,20
790,24.0,20
791,8.0,20
792,17.0,20
793,10.0,20
794,11.0,20
795,29.0,20
796,4.0,20
797,32.0,20
798,19.0,20
799,7.0,20
800,41.0,20
801,4.0,20
802,32.0,20
803,4.0,20
804,5.0,20
805,1.0,20
806,3.0,20
807,74.0,20
808,8.0,20
809,21.0,20
810,16.0,20
811,15.0,20
812,2.0,20
813,1.0,20
814,32.0,20
815,14.0,20
816,5.0,20
817,7.0,20
818,23.0,20
819,1.0,20
820,17.0,20
821,3.0,20
822,5.0,20
823,3.0,20
824,50.0,20
825,13.0,20
826,4.0,20
827,3.0,20
828,158.0,19
829,2.0,20
830,13.0,20
831,2.0,20
832,8.0,20
833,22.0,20
834,1.0,20
835,6.0,20
836,2.0,20
837,10.0,20
838,12.0,20
839,1.0,20
840,8.0,20
841,2.0,20
842,7.0,20
843,1.0,20
844,9.0,20
845,9.0,20
846,5.0,20
847,4.0,20
848,7.0,20
849,20.0,20
850,3.0,20
851,39.0,20
852,35.0,20
853,9.0,20
854,21.0,20
855,7.0,20
856,10.0,20
857,13.0,20
858,4.0,20
859,14.0,20
860,5.0,20
861,7.0,20
862,17.0,20
863,22.0,20
864,33.0,20
865,18.0,20
866,6.0,20
867,3.0,20
868,5.0,20
869,18.0,20
870,4.0,20
871,16.0,20
872,4.0,20
873,3.0,20
874,49.0,20
875,11.0,20
876,6.0,20
877,5.0,20
878,21.0,20
879,8.0,20
880,8.0,20
881,3.0,20
882,3.0,20
883,5.0,20
884,9.0,20
885,13.0,20
886,2.0,20
887,67.0,20
888,19.0,20
889,3.0,20
890,54.0,20
891,3.0,20
892,34.0,20
893,15.0,20
894,18.0,20
895,20.0,20
896,34.0,20
897,35.0,20
898,4.0,20
899,17.0,20
900,34.0,20
901,70.0,20
902,31.0,20
903,23.0,20
904,10.0,20
905,6.0,20
906,1000.0,7
907,9.0,20
908,12.0,20
909,28.0,20
910,14.0,20
911,27.0,20
912,13.0,20
913,21.0,20
914,5.0,20
915,25.0,20
916,13.0,20
917,5.0,20
918,35.0,20
919,2.0,20
920,2.0,20
921,12.0,20
922,4.0,20
923,19.0,20
924,3.0,20
925,17.0,20
926,10.0,20
927,18.0,20
928,11.0,20
929,2.0,20
930,19.0,20
931,13.0,20
932,2.0,20
933,4.0,20
934,23.0,20
935,5.0,20
936,19.0,20
937,21.0,20
938,2.0,20
939,24.0,20
940,3.0,20
941,2.0,20
942,17.0,20
943,4.0,20
944,1.0,20
945,9.0,20
946,6.0,20
947,7.0,20
948,3.0,20
949,7.0,20
950,189.0,19
951,12.0,20
952,5.0,20
953,9.0,20
954,9.0,20
955,5.0,20
956,13.0,20
957,5.0,20
958,2.0,20
959,89.0,20
960,4.0,20
961,12.0,20
962,13.0,20
963,7.0,20
964,4.0,20
965,29.0,20
966,7.0,20
967,3.0,20
968,3.0,20
969,14.0,20
970,13.0,20
971,5.0,20
972,5.0,20
973,2.0,20
974,66.0,20
975,7.0,20
976,2.0,20
977,3.0,20
978,22.0,20
979,9.0,20
980,3.0,20
981,5.0,20
982,62.0,20
983,8.0,20
984,9.0,20
985,3.0,20
986,9.0,20
987,44.0,20
988,8.0,20
989,35.0,20
990,20.0,20
991,8.0,20
992,4.0,20
993,34.0,20
994,59.0,20
995,1.0,20
996,14.0,20
997,11.0,20
998,2.0,20
999,43.0,20
1000,17.0,20
1001,3.0,20
1002,3.0,20
1003,25.0,20
1004,4.0,20
1005,45.0,20
1006,6.0,20
1007,10.0,20
1008,9.0,20
1009,11.0,20
1010,3.0,20
1011,1.0,20
1012,15.0,20
1013,5.0,20
1014,7.0,20
1015,5.0,20
1016,39.0,20
1017,4.0,20
1018,3.0,20
1019,4.0,20
1020,4.0,20
1021,8.0,20
1022,12.0,20
1023,4.0,20
1024,2.0,20
1025,15.0,20
1026,11.0,20
1027,6.0,20
1028,10.0,20
1029,14.0,20
1030,20.0,20
1031,8.0,20
1032,8.0,20
1033,2.0,20
1034,2.0,20
1035,4.0,20
1036,5.0,20
1037,12.0,20
1038,18.0,20
1039,25.0,20
1040,6.0,20
1041,19.0,20
1042,49.0,20
1043,24.0,20
1044,16.0,20
1045,1.0,20
1046,4.0,20
1047,26.0,20
1048,1.0,20
1049,16.0,20
1050,15.0,20
1051,38.0,20
1052,6.0,20
1053,84.0,20
1054,6.0,20
1055,10.0,20
1056,20.0,20
1057,13.0,20
1058,1.0,20
1059,56.0,20
1060,26.0,20
1061,1.0,20
1062,7.0,20
1063,2.0,20
1064,23.0,20
1065,8.0,20
1066,12.0,20
1067,20.0,20
1068,2.0,20
1069,5.0,20
1070,8.0,20
1071,2.0,20
1072,90.0,20
1073,2.0,20
1074,3.0,20
1075,12.0,20
1076,15.0,20
1077,53.0,20
1078,66.0,20
1079,9.0,20
1080,8.0,20
1081,10.0,20
1082,1.0,20
1083,2.0,20
1084,38.0,20
1085,3.0,20
1086,3.0,20
1087,5.0,20
1088,5.0,20
1089,21.0,20
1090,26.0,20
1091,3.0,20
1092,20.0,20
1093,11.0,20
1094,42.0,20
1095,11.0,20
1096,19.0,20
1097,13.0,20
1098,48.0,20
1099,3.0,20
1100,6.0,20
1101,2.0,20
1102,2.0,20
1103,3.0,20
1104,9.0,20
1105,5.0,20
1106,33.0,20
1107,13.0,20
1108,17.0,20
1109,11.0,20
1110,9.0,20
1111,28.0,20
1112,8.0,20
1113,12.0,20
1114,4.0,20
1115,14.0,20
1116,10.0,20
1117,7.0,20
1118,3.0,20
1119,17.0,20
1120,2.0,20
1121,5.0,20
1122,33.0,20
1123,142.0,20
1124,3.0,20
1125,20.0,20
1126,28.0,20
1127,11.0,20
1128,3.0,20
1129,18.0,20
1130,38.0,20
1131,14.0,20
1132,7.0,20
1133,43.0,20
1134,3.0,20
1135,2.0,20
1136,9.0,20
1137,6.0,20
1138,5.0,20
1139,33.0,20
1140,17.0,20
1141,1.0,20
1142,4.0,20
1143,2.0,20
1144,3.0,20
1145,1.0,20
1146,33.0,20
1147,14.0,20
1148,3.0,20
1149,3.0,20
1150,5.0,20
1151,27.0,20
1152,10.0,20
1153,10.0,20
1154,38.0,20
1155,11.0,20
1156,5.0,20
1157,66.0,20
1158,16.0,20
1159,2.0,20
1160,38.0,20
1161,5.0,20
1162,3.0,20
1163,2.0,20
1164,11.0,20
1165,5.0,20
1166,14.0,20
1167,6.0,20
1168,11.0,20
1169,6.0,20
1170,36.0,20
1171,6.0,20
1172,10.0,20
1173,28.0,20
1174,1.0,20
1175,18.0,20
1176,25.0,20
1177,88.0,20
1178,14.0,20
1179,39.0,20
1180,18.0,20
1181,11.0,20
1182,7.0,20
1183,4.0,20
1184,5.0,20
1185,10.0,20
1186,7.0,20
1187,11.0,20
1188,4.0,20
1189,10.0,20
1190,108.0,20
1191,13.0,20
1192,18.0,20
1193,17.0,20
1194,4.0,20
1195,47.0,20
1196,44.0,20
1197,41.0,20
1198,26.0,20
1199,11.0,20
1200,76.0,20
1201,2.0,20
1202,98.0,20
1203,20.0,20
1204,9.0,20
1205,5.0,20
1206,51.0,20
1207,28.0,20
1208,70.0,20
1209,125.0,20
1210,47.0,20
1211,24.0,20
1212,26.0,20
1213,4.0,20
1214,2.0,20
1215,11.0,20
1216,32.0,20
1217,5.0,20
1218,32.0,20
1219,14.0,20
1220,5.0,20
1221,14.0,20
1222,6.0,20
1223,32.0,20
1224,14.0,20
1225,6.0,20
1226,3.0,20
1227,4.0,20
1228,20.0,20
1229,1.0,20
1230,3.0,20
1231,19.0,20
1232,10.0,20
1233,10.0,20
1234,36.0,20
1235,14.0,20
1236,3.0,20
1237,16.0,20
1238,210.0,19
1239,5.0,20
1240,1.0,20
1241,10.0,20
1242,5.0,20
1243,18.0,20
1244,19.0,20
1245,14.0,20
1246,10.0,20
1247,6.0,20
1248,8.0,20
1249,9.0,20
1250,29.0,20
1251,3.0,20
1252,8.0,20
1253,29.0,20
1254,70.0,20
1255,2.0,20
1256,5.0,20
1257,2.0,20
1258,62.0,20
1259,6.0,20
1260,11.0,20
1261,22.0,20
1262,13.0,20
1263,1.0,20
1264,33.0,20
1265,8.0,20
1266,1.0,20
1267,6.0,20
1268,7.0,20
1269,11.0,20
1270,2.0,20
1271,5.0,20
1272,2.0,20
1273,11.0,20
1274,1.0,20
1275,9.0,20
1276,67.0,20
1277,11.0,20
1278,92.0,20
1279,10.0,20
1280,39.0,20
1281,15.0,20
1282,17.0,20
1283,31.0,20
1284,2.0,20
1285,9.0,20
1286,20.0,20
1287,20.0,20
1288,89.0,20
1289,25.0,20
1290,3.0,20
1291,6.0,20
1292,17.0,20
1293,82.0,20
1294,3.0,20
1295,5.0,20
1296,112.0,20
1297,57.0,20
1298,52.0,20
1299,1.0,20
1300,8.0,20
1301,19.0,20
1302,11.0,20
1303,2.0,20
1304,41.0,20
1305,26.0,20
1306,18.0,20
1307,23.0,20
1308,11.0,20
1309,15.0,20
1310,23.0,20
1311,41.0,20
1312,9.0,20
1313,26.0,20
1314,2.0,20
1315,3.0,20
1316,17.0,20
1317,19.0,20
1318,4.0,20
1319,6.0,20
1320,3.0,20
1321,3.0,20
1322,12.0,20
1323,4.0,20
1324,9.0,20
1325,16.0,20
1326,2.0,20
1327,42.0,20
1328,215.0,19
1329,8.0,20
1330,12.0,20
1331,60.0,20
1332,40.0,20
1333,7.0,20
1334,18.0,20
1335,8.0,20
1336,14.0,20
1337,7.0,20
1338,5.0,20
1339,66.0,20
1340,6.0,20
1341,10.0,20
1342,9.0,20
1343,13.0,20
1344,12.0,20
1345,65.0,20
1346,5.0,20
1347,1.0,20
1348,10.0,20
1349,12.0,20
1350,197.0,19
1351,1.0,20
1352,9.0,20
1353,7.0,20
1354,41.0,20
1355,11.0,20
1356,19.0,20
1357,3.0,20
1358,4.0,20
1359,36.0,20
1360,8.0,20
1361,28.0,20
1362,1.0,20
1363,10.0,20
1364,2.0,20
1365,10.0,20
1366,30.0,20
1367,19.0,20
1368,3.0,20
1369,13.0,20
1370,15.0,20
1371,39.0,20
1372,20.0,20
1373,2.0,20
1374,751.0,8
1375,3.0,20
1376,16.0,20
1377,6.0,20
1378,62.0,20
1379,3.0,20
1380,11.0,20
1381,3.0,20
1382,10.0,20
1383,3.0,20
1384,10.0,20
1385,43.0,20
1386,45.0,20
1387,3.0,20
1388,17.0,20
1389,3.0,20
1390,9.0,20
1391,36.0,20
1392,10.0,20
1393,2.0,20
1394,24.0,20
1395,17.0,20
1396,40.0,20
1397,16.0,20
1398,11.0,20
1399,6.0,20
1400,30.0,20
1401,1.0,20
1402,1.0,20
1403,1.0,20
1404,61.0,20
1405,22.0,20
1406,9.0,20
1407,21.0,20
1408,15.0,20
1409,14.0,20
1410,8.0,20
1411,11.0,20
1412,101.0,20
1413,2.0,20
1414,40.0,20
1415,19.0,20
1416,13.0,20
1417,14.0,20
1418,27.0,20
1419,13.0,20
1420,2.0,20
1421,155.0,19
1422,8.0,20
1423,1.0,20
1424,16.0,20
1425,11.0,20
1426,17.0,20
1427,3.0,20
1428,6.0,20
1429,24.0,20
1430,42.0,20
1431,5.0,20
1432,14.0,20
1433,4.0,20
1434,41.0,20
1435,7.0,20
1436,6.0,20
1437,12.0,20
1438,86.0,20
1439,3.0,20
1440,12.0,20
1441,9.0,20
1442,10.0,20
1443,9.0,20
1444,66.0,20
1445,14.0,20
1446,36.0,20
1447,15.0,20
1448,3.0,20
1449,30.0,20
1450,82.0,20
1451,4.0,20
1452,33.0,20
1453,19.0,20
1454,95.0,20
1455,75.0,20
1456,3.0,20
1457,62.0,20
1458,8.0,20
1459,9.0,20
1460,17.0,20
1461,13.0,20
1462,55.0,20
1463,5.0,20
1464,8.0,20
1465,3.0,20
1466,1.0,20
1467,14.0,20
1468,19.0,20
1469,13.0,20
1470,3.0,20
1471,31.0,20
1472,31.0,20
1473,19.0,20
1474,41.0,20
1475,3.0,20
1476,9.0,20
1477,5.0,20
1478,12.0,20
1479,9.0,20
1480,29.0,20
1481,6.0,20
1482,16.0,20
1483,22.0,20
1484,6.0,20
1485,15.0,20
1486,14.0,20
1487,2.0,20
1488,3.0,20
1489,12.0,20
1490,18.0,20
1491,20.0,20
1492,11.0,20
1493,53.0,20
1494,22.0,20
1495,4.0,20
1496,8.0,20
1497,1.0,20
1498,13.0,20
1499,46.0,20
1500,33.0,20
1501,2.0,20
1502,15.0,20
1503,188.0,19
1504,3.0,20
1505,30.0,20
1506,14.0,20
1507,11.0,20
1508,11.0,20
1509,11.0,20
1510,7.0,20
1511,16.0,20
1512,12.0,20
1513,6.0,20
1514,17.0,20
1515,3.0,20
1516,9.0,20
1517,1.0,20
1518,4.0,20
1519,6.0,20
1520,5.0,20
1521,8.0,20
1522,10.0,20
1523,4.0,20
1524,14.0,20
1525,32.0,20
1526,1.0,20
1527,101.0,20
1528,25.0,20
1529,19.0,20
1530,23.0,20
1531,17.0,20
1532,2.0,20
1533,7.0,20
1534,4.0,20
1535,5.0,20
1536,5.0,20
1537,9.0,20
1538,5.0,20
1539,10.0,20
1540,1.0,20
1541,4.0,20
1542,7.0,20
1543,12.0,20
1544,7.0,20
1545,3.0,20
1546,5.0,20
1547,44.0,20
1548,4.0,20
1549,17.0,20
1550,51.0,20
1551,5.0,20
1552,9.0,20
1553,5.0,20
1554,9.0,20
1555,6.0,20
1556,8.0,20
1557,77.0,20
1558,25.0,20
1559,2.0,20
1560,15.0,20
1561,3.0,20
1562,3.0,20
1563,9.0,20
1564,9.0,20
1565,16.0,20
1566,7.0,20
1567,11.0,20
1568,6.0,20
1569,20.0,20
1570,12.0,20
1571,18.0,20
1572,12.0,20
1573,8.0,20
1574,3.0,20
1575,4.0,20
1576,2.0,20
1577,2.0,20
1578,3.0,20
1579,17.0,20
1580,1.0,20
1581,12.0,20
1582,8.0,20
1583,2.0,20
1584,7.0,20
1585,54.0,20
1586,39.0,20
1587,14.0,20
1588,28.0,20
1589,9.0,20
1590,2.0,20
1591,5.0,20
1592,5.0,20
1593,23.0,20
1594,17.0,20
1595,14.0,20
1596,57.0,20
1597,16.0,20
1598,46.0,20
1599,14.0,20
1600,4.0,20
1601,12.0,20
1602,8.0,20
1603,3.0,20
1604,10.0,20
1605,11.0,20
1606,2.0,20
1607,114.0,20
1608,32.0,20
1609,12.0,20
1610,28.0,20
1611,5.0,20
1612,10.0,20
1613,9.0,20
1614,7.0,20
1615,4.0,20
1616,49.0,20
1617,3.0,20
1618,2.0,20
1619,11.0,20
1620,3.0,20
1621,17.0,20
1622,16.0,20
1623,65.0,20
1624,55.0,20
1625,3.0,20
1626,5.0,20
1627,26.0,20
1628,6.0,20
1629,12.0,20
1630,2.0,20
1631,1.0,20
1632,4.0,20
1633,10.0,20
1634,25.0,20
1635,23.0,20
1636,12.0,20
1637,8.0,20
1638,7.0,20
1639,13.0,20
1640,2.0,20
1641,7.0,20
1642,22.0,20
1643,5.0,20
1644,1.0,20
1645,9.0,20
1646,4.0,20
1647,48.0,20
1648,24.0,20
1649,2.0,20
1650,19.0,20
1651,64.0,20
1652,14.0,20
1653,15.0,20
1654,12.0,20
1655,51.0,20
1656,21.0,20
1657,31.0,20
1658,15.0,20
1659,8.0,20
1660,4.0,20
1661,4.0,20
1662,33.0,20
1663,26.0,20
1664,6.0,20
1665,3.0,20
1666,4.0,20
1667,184.0,19
1668,28.0,20
1669,18.0,20
1670,30.0,20
1671,14.0,20
1672,7.0,20
1673,18.0,20
1674,1.0,20
1675,53.0,20
1676,2.0,20
1677,14.0,20
1678,12.0,20
1679,26.0,20
1680,18.0,20
1681,13.0,20
1682,23.0,20
1683,18.0,20
1684,12.0,20
1685,44.0,20
1686,10.0,20
1687,44.0,20
1688,3.0,20
1689,67.0,20
1690,4.0,20
1691,52.0,20
1692,47.0,20
1693,17.0,20
1694,10.0,20
1695,10.0,20
1696,31.0,20
1697,18.0,20
1698,6.0,20
1699,16.0,20
1700,9.0,20
1701,10.0,20
1702,5.0,20
1703,1.0,20
1704,7.0,20
1705,14.0,20
1706,22.0,20
1707,26.0,20
1708,20.0,20
1709,14.0,20
1710,43.0,20
1711,55.0,20
1712,109.0,20
1713,15.0,20
1714,6.0,20
1715,9.0,20
1716,6.0,20
1717,6.0,20
1718,11.0,20
1719,6.0,20
1720,16.0,20
1721,4.0,20
1722,4.0,20
1723,7.0,20
1724,105.0,20
1725,3.0,20
1726,58.0,20
1727,13.0,20
1728,1.0,20
1729,79.0,20
1730,23.0,20
1731,15.0,20
1732,8.0,20
1733,9.0,20
1734,4.0,20
1735,2.0,20
1736,28.0,20
1737,133.0,20
1738,32.0,20
1739,110.0,20
1740,46.0,20
1741,7.0,20
1742,27.0,20
1743,10.0,20
1744,9.0,20
1745,8.0,20
1746,5.0,20
1747,39.0,20
1748,8.0,20
1749,22.0,20
1750,34.0,20
1751,18.0,20
1752,3.0,20
1753,4.0,20
1754,14.0,20
1755,9.0,20
1756,2.0,20
1757,60.0,20
1758,30.0,20
1759,8.0,20
1760,36.0,20
1761,9.0,20
1762,7.0,20
1763,1.0,20
1764,3.0,20
1765,4.0,20
1766,2.0,20
1767,80.0,20
1768,8.0,20
1769,14.0,20
1770,3.0,20
1771,16.0,20
1772,4.0,20
1773,2.0,20
1774,5.0,20
1775,70.0,20
1776,10.0,20
1777,20.0,20
1778,15.0,20
1779,10.0,20
1780,6.0,20
1781,3.0,20
1782,98.0,20
1783,6.0,20
1784,13.0,20
1785,24.0,20
1786,13.0,20
1787,18.0,20
1788,18.0,20
1789,4.0,20
1790,21.0,20
1791,16.0,20
1792,3.0,20
1793,13.0,20
1794,20.0,20
1795,1.0,20
1796,97.0,20
1797,14.0,20
1798,2.0,20
1799,5.0,20
1800,25.0,20
1801,9.0,20
1802,2.0,20
1803,4.0,20
1804,2.0,20
1805,6.0,20
1806,12.0,20
1807,21.0,20
1808,21.0,20
1809,2.0,20
1810,47.0,20
1811,1.0,20
1812,73.0,20
1813,2.0,20
1814,21.0,20
1815,2.0,20
1816,34.0,20
1817,13.0,20
1818,25.0,20
1819,31.0,20
1820,8.0,20
1821,6.0,20
1822,2.0,20
1823,2.0,20
1824,3.0,20
1825,21.0,20
1826,11.0,20
1827,1.0,20
1828,42.0,20
1829,13.0,20
1830,10.0,20
1831,9.0,20
1832,233.0,19
1833,14.0,20
1834,7.0,20
1835,6.0,20
1836,20.0,20
1837,2.0,20
1838,28.0,20
1839,36.0,20
1840,25.0,20
1841,17.0,20
1842,7.0,20
1843,8.0,20
1844,14.0,20
1845,43.0,20
1846,31.0,20
1847,3.0,20
1848,10.0,20
1849,10.0,20
1850,3.0,20
1851,7.0,20
1852,15.0,20
1853,7.0,20
1854,14.0,20
1855,3.0,20
1856,9.0,20
1857,21.0,20
1858,4.0,20
1859,10.0,20
1860,5.0,20
1861,5.0,20
1862,11.0,20
1863,44.0,20
1864,18.0,20
1865,2.0,20
1866,32.0,20
1867,9.0,20
1868,43.0,20
1869,25.0,20
1870,5.0,20
1871,39.0,20
1872,16.0,20
1873,22.0,20
1874,76.0,20
1875,57.0,20
1876,26.0,20
1877,6.0,20
1878,2.0,20
1879,23.0,20
1880,24.0,20
1881,5.0,20
1882,9.0,20
1883,2.0,20
1884,32.0,20
1885,27.0,20
1886,9.0,20
1887,19.0,20
1888,54.0,20
1889,13.0,20
1890,4.0,20
1891,12.0,20
1892,4.0,20
1893,11.0,20
1894,3.0,20
1895,7.0,20
1896,12.0,20
1897,18.0,20
1898,9.0,20
1899,11.0,20
1900,2.0,20
1901,22.0,20
1902,5.0,20
1903,6.0,20
1904,5.0,20
1905,14.0,20
1906,5.0,20
1907,15.0,20
1908,21.0,20
1909,11.0,20
1910,2.0,20
1911,10.0,20
1912,2.0,20
1913,2.0,20
1914,3.0,20
1915,10.0,20
1916,7.0,20
1917,7.0,20
1918,20.0,20
1919,51.0,20
1920,26.0,20
1921,15.0,20
1922,2.0,20
1923,32.0,20
1924,3.0,20
1925,6.0,20
1926,21.0,20
1927,2.0,20
1928,252.0,19
1929,25.0,20
1930,1.0,20
1931,26.0,20
1932,4.0,20
1933,30.0,20
1934,12.0,20
1935,33.0,20
1936,32.0,20
1937,6.0,20
1938,9.0,20
1939,43.0,20
1940,24.0,20
1941,6.0,20
1942,9.0,20
1943,5.0,20
1944,9.0,20
1945,1.0,20
1946,8.0,20
1947,2.0,20
1948,25.0,20
1949,12.0,20
1950,4.0,20
1951,35.0,20
1952,29.0,20
1953,66.0,20
1954,4.0,20
1955,2.0,20
1956,34.0,20
1957,5.0,20
1958,4.0,20
1959,3.0,20
1960,35.0,20
1961,13.0,20
1962,103.0,20
1963,3.0,20
1964,7.0,20
1965,5.0,20
1966,16.0,20
1967,2.0,20
1968,20.0,20
1969,2.0,20
1970,14.0,20
1971,54.0,20
1972,28.0,20
1973,7.0,20
1974,4.0,20
1975,15.0,20
1976,134.0,20
1977,8.0,20
1978,23.0,20
1979,1.0,20
1980,23.0,20
1981,12.0,20
1982,6.0,20
1983,86.0,20
1984,26.0,20
1985,17.0,20
1986,71.0,20
1987,45.0,20
1988,2.0,20
1989,17.0,20
1990,2.0,20
1991,28.0,20
1992,37.0,20
1993,28.0,20
1994,18.0,20
1995,4.0,20
1996,18.0,20
1997,13.0,20
1998,1.0,20
1999,6.0,20
2000,2.0,20
2001,2.0,20
2002,21.0,20
2003,22.0,20
2004,64.0,20
2005,161.0,19
2006,40.0,20
2007,26.0,20
2008,11.0,20
2009,10.0,20
2010,16.0,20
2011,1.0,20
2012,2.0,20
2013,3.0,20
2014,2.0,20
2015,35.0,20
2016,8.0,20
2017,87.0,20
2018,34.0,20
2019,79.0,20
2020,20.0,20
2021,10.0,20
2022,3.0,20
2023,23.0,20
2024,5.0,20
2025,10.0,20
2026,2.0,20
2027,46.0,20
2028,5.0,20
2029,5.0,20
2030,18.0,20
2031,9.0,20
2032,111.0,20
2033,5.0,20
2034,5.0,20
2035,2.0,20
2036,108.0,20
2037,20.0,20
2038,10.0,20
2039,13.0,20
2040,22.0,20
2041,16.0,20
2042,6.0,20
2043,3.0,20
2044,2.0,20
2045,3.0,20
2046,4.0,20
2047,13.0,20
2048,11.0,20
2049,1.0,20
2050,132.0,20
2051,8.0,20
2052,59.0,20
2053,41.0,20
2054,6.0,20
2055,3.0,20
2056,3.0,20
2057,45.0,20
2058,5.0,20
2059,18.0,20
2060,20.0,20
2061,22.0,20
2062,6.0,20
2063,17.0,20
2064,22.0,20
2065,15.0,20
2066,22.0,20
2067,15.0,20
2068,12.0,20
2069,13.0,20
2070,49.0,20
2071,2.0,20
2072,10.0,20
2073,11.0,20
2074,2.0,20
2075,9.0,20
2076,41.0,20
2077,35.0,20
2078,16.0,20
2079,6.0,20
2080,2.0,20
2081,5.0,20
2082,14.0,20
2083,19.0,20
2084,17.0,20
2085,4.0,20
2086,16.0,20
2087,118.0,20
2088,10.0,20
2089,1.0,20
2090,11.0,20
2091,9.0,20
2092,32.0,20
2093,30.0,20
2094,5.0,20
2095,16.0,20
2096,7.0,20
2097,3.0,20
2098,8.0,20
2099,7.0,20
2100,24.0,20
2101,5.0,20
2102,7.0,20
2103,24.0,20
2104,6.0,20
2105,15.0,20
2106,1.0,20
2107,3.0,20
2108,1.0,20
2109,2.0,20
2110,14.0,20
2111,27.0,20
2112,6.0,20
2113,9.0,20
2114,6.0,20
2115,8.0,20
2116,9.0,20
2117,20.0,20
2118,6.0,20
2119,29.0,20
2120,2.0,20
2121,10.0,20
2122,7.0,20
2123,94.0,20
2124,12.0,20
2125,6.0,20
2126,9.0,20
2127,2.0,20
2128,48.0,20
2129,7.0,20
2130,3.0,20
2131,58.0,20
2132,4.0,20
2133,3.0,20
2134,5.0,20
2135,39.0,20
2136,6.0,20
2137,3.0,20
2138,49.0,20
2139,6.0,20
2140,37.0,20
2141,52.0,20
2142,23.0,20
2143,2.0,20
2144,4.0,20
2145,3.0,20
2146,24.0,20
2147,40.0,20
2148,12.0,20
2149,3.0,20
2150,4.0,20
2151,15.0,20
2152,3.0,20
2153,4.0,20
2154,1.0,20
2155,6.0,20
2156,5.0,20
2157,18.0,20
2158,9.0,20
2159,4.0,20
2160,8.0,20
2161,5.0,20
2162,43.0,20
2163,5.0,20
2164,18.0,20
2165,5.0,20
2166,7.0,20
2167,3.0,20
2168,1.0,20
2169,7.0,20
2170,4.0,20
2171,3.0,20
2172,3.0,20
2173,2.0,20
2174,64.0,20
2175,5.0,20
2176,57.0,20
2177,7.0,20
2178,19.0,20
2179,31.0,20
2180,1.0,20
2181,208.0,19
2182,2.0,20
2183,230.0,19
2184,27.0,20
2185,5.0,20
2186,15.0,20
2187,23.0,20
2188,5.0,20
2189,49.0,20
2190,6.0,20
2191,2.0,20
2192,38.0,20
2193,4.0,20
2194,2.0,20
2195,88.0,20
2196,2.0,20
2197,23.0,20
2198,2.0,20
2199,3.0,20
2200,67.0,20
2201,18.0,20
2202,4.0,20
2203,64.0,20
2204,17.0,20
2205,18.0,20
2206,36.0,20
2207,46.0,20
2208,3.0,20
2209,11.0,20
2210,6.0,20
2211,10.0,20
2212,10.0,20
2213,52.0,20
2214,27.0,20
2215,6.0,20
2216,18.0,20
2217,37.0,20
2218,88.0,20
2219,29.0,20
2220,12.0,20
2221,13.0,20
2222,10.0,20
2223,51.0,20
2224,3.0,20
2225,94.0,20
2226,1.0,20
2227,16.0,20
2228,7.0,20
2229,22.0,20
2230,5.0,20
2231,12.0,20
2232,4.0,20
2233,7.0,20
2234,7.0,20
2235,24.0,20
2236,3.0,20
2237,11.0,20
2238,6.0,20
2239,7.0,20
2240,3.0,20
2241,12.0,20
2242,8.0,20
2243,15.0,20
2244,4.0,20
2245,2.0,20
2246,16.0,20
2247,18.0,20
2248,10.0,20
2249,165.0,19
2250,3.0,20
2251,40.0,20
2252,5.0,20
2253,11.0,20
2254,16.0,20
2255,44.0,20
2256,19.0,20
2257,18.0,20
2258,46.0,20
2259,3.0,20
2260,7.0,20
2261,18.0,20
2262,8.0,20
2263,28.0,20
2264,12.0,20
2265,2.0,20
2266,20.0,20
2267,2.0,20
2268,22.0,20
2269,19.0,20
2270,7.0,20
2271,55.0,20
2272,2.0,20
2273,9.0,20
2274,12.0,20
2275,3.0,20
2276,24.0,20
2277,17.0,20
2278,14.0,20
2279,8.0,20
2280,9.0,20
2281,48.0,20
2282,2.0,20
2283,10.0,20
2284,16.0,20
2285,2.0,20
2286,26.0,20
2287,4.0,20
2288,5.0,20
2289,48.0,20
2290,1.0,20
2291,33.0,20
2292,10.0,20
2293,2.0,20
2294,30.0,20
2295,6.0,20
2296,24.0,20
2297,2.0,20
2298,7.0,20
2299,71.0,20
2300,12.0,20
2301,35.0,20
2302,16.0,20
2303,45.0,20
2304,7.0,20
2305,10.0,20
2306,7.0,20
2307,33.0,20
2308,1.0,20
2309,4.0,20
2310,16.0,20
2311,7.0,20
2312,8.0,20
2313,14.0,20
2314,3.0,20
2315,12.0,20
2316,4.0,20
2317,52.0,20
2318,45.0,20
2319,19.0,20
2320,3.0,20
2321,80.0,20
2322,2.0,20
2323,4.0,20
2324,8.0,20
2325,4.0,20
2326,4.0,20
2327,15.0,20
2328,4.0,20
2329,5.0,20
2330,21.0,20
2331,10.0,20
2332,33.0,20
2333,38.0,20
2334,83.0,20
2335,77.0,20
2336,17.0,20
2337,8.0,20
2338,10.0,20
2339,21.0,20
2340,9.0,20
2341,5.0,20
2342,26.0,20
2343,8.0,20
2344,1.0,20
2345,16.0,20
2346,3.0,20
2347,33.0,20
2348,8.0,20
2349,33.0,20
2350,15.0,20
2351,56.0,20
2352,25.0,20
2353,9.0,20
2354,9.0,20
2355,4.0,20
2356,14.0,20
2357,5.0,20
2358,3.0,20
2359,98.0,20
2360,5.0,20
2361,5.0,20
2362,10.0,20
2363,21.0,20
2364,2.0,20
2365,4.0,20
2366,5.0,20
2367,10.0,20
2368,11.0,20
2369,15.0,20
2370,1.0,20
2371,48.0,20
2372,11.0,20
2373,3.0,20
2374,34.0,20
2375,21.0,20
2376,312.0,18
2377,10.0,20
2378,36.0,20
2379,4.0,20
2380,35.0,20
2381,6.0,20
2382,18.0,20
2383,1.0,20
2384,4.0,20
2385,21.0,20
2386,7.0,20
2387,7.0,20
2388,64.0,20
2389,7.0,20
2390,8.0,20
2391,37.0,20
2392,47.0,20
2393,12.0,20
2394,6.0,20
2395,10.0,20
2396,5.0,20
2397,3.0,20
2398,32.0,20
2399,4.0,20
2400,4.0,20
2401,34.0,20
2402,26.0,20
2403,8.0,20
2404,4.0,20
2405,1.0,20
2406,15.0,20
2407,1.0,20
2408,4.0,20
2409,51.0,20
2410,50.0,20
2411,5.0,20
2412,4.0,20
2413,19.0,20
2414,3.0,20
2415,14.0,20
2416,1.0,20
2417,26.0,20
2418,4.0,20
2419,61.0,20
2420,73.0,20
2421,1.0,20
2422,4.0,20
2423,7.0,20
2424,8.0,20
2425,27.0,20
2426,5.0,20
2427,2.0,20
2428,8.0,20
2429,16.0,20
2430,29.0,20
2431,73.0,20
2432,26.0,20
2433,5.0,20
2434,3.0,20
2435,4.0,20
2436,19.0,20
2437,6.0,20
2438,44.0,20
2439,16.0,20
2440,57.0,20
2441,3.0,20
2442,31.0,20
2443,26.0,20
2444,7.0,20
2445,3.0,20
2446,19.0,20
2447,63.0,20
2448,1.0,20
2449,120.0,20
2450,8.0,20
2451,8.0,20
2452,8.0,20
2453,48.0,20
2454,12.0,20
2455,7.0,20
2456,8.0,20
2457,81.0,20
2458,18.0,20
2459,11.0,20
2460,32.0,20
2461,10.0,20
2462,26.0,20
2463,15.0,20
2464,12.0,20
2465,2.0,20
2466,10.0,20
2467,12.0,20
2468,10.0,20
2469,3.0,20
2470,14.0,20
2471,10.0,20
2472,9.0,20
2473,1.0,20
2474,6.0,20
2475,11.0,20
2476,7.0,20
2477,17.0,20
2478,7.0,20
2479,10.0,20
2480,9.0,20
2481,57.0,20
2482,11.0,20
2483,115.0,20
2484,34.0,20
2485,11.0,20
2486,21.0,20
2487,2.0,20
2488,17.0,20
2489,7.0,20
2490,30.0,20
2491,1.0,20
2492,35.0,20
2493,6.0,20
2494,8.0,20
2495,107.0,20
2496,8.0,20
2497,40.0,20
2498,2.0,20
2499,6.0,20
2500,11.0,20
2501,17.0,20
2502,18.0,20
2503,10.0,20
2504,35.0,20
2505,6.0,20
2506,6.0,20
2507,5.0,20
2508,6.0,20
2509,24.0,20
2510,7.0,20
2511,24.0,20
2512,18.0,20
2513,9.0,20
2514,3.0,20
2515,2.0,20
2516,78.0,20
2517,5.0,20
2518,2.0,20
2519,5.0,20
2520,59.0,20
2521,77.0,20
2522,39.0,20
2523,61.0,20
2524,10.0,20
2525,11.0,20
2526,3.0,20
2527,39.0,20
2528,31.0,20
2529,14.0,20
2530,26.0,20
2531,4.0,20
2532,59.0,20
2533,6.0,20
2534,20.0,20
2535,14.0,20
2536,341.0,18
2537,3.0,20
2538,10.0,20
2539,2.0,20
2540,11.0,20
2541,15.0,20
2542,2.0,20
2543,21.0,20
2544,11.0,20
2545,5.0,20
2546,8.0,20
2547,10.0,20
2548,55.0,20
2549,1.0,20
2550,7.0,20
2551,14.0,20
2552,8.0,20
2553,71.0,20
2554,33.0,20
2555,4.0,20
2556,1.0,20
2557,37.0,20
2558,7.0,20
2559,16.0,20
2560,42.0,20
2561,3.0,20
2562,3.0,20
2563,3.0,20
2564,23.0,20
2565,29.0,20
2566,8.0,20
2567,22.0,20
2568,47.0,20
2569,18.0,20
2570,8.0,20
2571,3.0,20
2572,107.0,20
2573,10.0,20
2574,61.0,20
2575,3.0,20
2576,30.0,20
2577,9.0,20
2578,28.0,20
2579,2.0,20
2580,7.0,20
2581,1.0,20
2582,1.0,20
2583,6.0,20
2584,37.0,20
2585,24.0,20
2586,2.0,20
2587,3.0,20
2588,10.0,20
2589,3.0,20
2590,6.0,20
2591,13.0,20
2592,8.0,20
2593,7.0,20
2594,4.0,20
2595,12.0,20
2596,25.0,20
2597,3.0,20
2598,20.0,20
2599,4.0,20
2600,3.0,20
2601,8.0,20
2602,6.0,20
2603,6.0,20
2604,13.0,20
2605,2.0,20
2606,8.0,20
2607,10.0,20
2608,20.0,20
2609,27.0,20
2610,19.0,20
2611,6.0,20
2612,12.0,20
2613,1.0,20
2614,56.0,20
2615,4.0,20
2616,24.0,20
2617,29.0,20
2618,41.0,20
2619,13.0,20
2620,9.0,20
2621,2.0,20
2622,3.0,20
2623,85.0,20
2624,8.0,20
2625,6.0,20
2626,8.0,20
2627,16.0,20
2628,17.0,20
2629,9.0,20
2630,8.0,20
2631,15.0,20
2632,2.0,20
2633,7.0,20
2634,13.0,20
2635,3.0,20
2636,12.0,20
2637,115.0,20
2638,5.0,20
2639,13.0,20
2640,2.0,20
2641,2.0,20
2642,10.0,20
2643,4.0,20
2644,13.0,20
2645,13.0,20
2646,3.0,20
2647,18.0,20
2648,14.0,20
2649,24.0,20
2650,1.0,20
2651,20.0,20
2652,11.0,20
2653,9.0,20
2654,3.0,20
2655,22.0,20
2656,2.0,20
2657,7.0,20
2658,4.0,20
2659,29.0,20
2660,20.0,20
2661,27.0,20
2662,6.0,20
2663,2.0,20
2664,29.0,20
2665,6.0,20
2666,4.0,20
2667,16.0,20
2668,3.0,20
2669,11.0,20
2670,6.0,20
2671,89.0,20
2672,5.0,20
2673,1.0,20
2674,17.0,20
2675,9.0,20
2676,78.0,20
2677,42.0,20
2678,26.0,20
2679,2.0,20
2680,29.0,20
2681,12.0,20
2682,11.0,20
2683,10.0,20
2684,4.0,20
2685,27.0,20
2686,6.0,20
2687,2.0,20
2688,23.0,20
2689,2.0,20
2690,12.0,20
2691,11.0,20
2692,10.0,20
2693,12.0,20
2694,3.0,20
2695,67.0,20
2696,19.0,20
2697,13.0,20
2698,2.0,20
2699,4.0,20
2700,5.0,20
2701,8.0,20
2702,5.0,20
2703,24.0,20
2704,85.0,20
2705,66.0,20
2706,2.0,20
2707,13.0,20
2708,31.0,20
2709,8.0,20
2710,28.0,20
2711,12.0,20
2712,8.0,20
2713,10.0,20
2714,3.0,20
2715,23.0,20
2716,13.0,20
2717,26.0,20
2718,3.0,20
2719,10.0,20
2720,32.0,20
2721,7.0,20
2722,13.0,20
2723,62.0,20
2724,3.0,20
2725,27.0,20
2726,62.0,20
2727,21.0,20
2728,4.0,20
2729,2.0,20
2730,16.0,20
2731,1.0,20
2732,14.0,20
2733,2.0,20
2734,8.0,20
2735,4.0,20
2736,7.0,20
2737,11.0,20
2738,6.0,20
2739,10.0,20
2740,2.0,20
2741,32.0,20
2742,2.0,20
2743,45.0,20
2744,3.0,20
2745,4.0,20
2746,18.0,20
2747,10.0,20
2748,3.0,20
2749,14.0,20
2750,3.0,20
2751,8.0,20
2752,4.0,20
2753,7.0,20
2754,65.0,20
2755,23.0,20
2756,21.0,20
2757,24.0,20
2758,3.0,20
2759,183.0,19
2760,20.0,20
2761,7.0,20
2762,1.0,20
2763,5.0,20
2764,18.0,20
2765,31.0,20
2766,3.0,20
2767,6.0,20
2768,12.0,20
2769,17.0,20
2770,14.0,20
2771,45.0,20
2772,2.0,20
2773,3.0,20
2774,9.0,20
2775,27.0,20
2776,22.0,20
2777,5.0,20
2778,16.0,20
2779,2.0,20
2780,140.0,20
2781,1.0,20
2782,5.0,20
2783,7.0,20
2784,2.0,20
2785,4.0,20
2786,2.0,20
2787,10.0,20
2788,13.0,20
2789,8.0,20
2790,16.0,20
2791,6.0,20
2792,3.0,20
2793,14.0,20
2794,8.0,20
2795,3.0,20
2796,7.0,20
2797,29.0,20
2798,4.0,20
2799,3.0,20
2800,31.0,20
2801,25.0,20
2802,41.0,20
2803,1.0,20
2804,10.0,20
2805,3.0,20
2806,13.0,20
2807,18.0,20
2808,3.0,20
2809,16.0,20
2810,8.0,20
2811,3.0,20
2812,2.0,20
2813,15.0,20
2814,34.0,20
2815,7.0,20
2816,14.0,20
2817,11.0,20
2818,4.0,20
2819,39.0,20
2820,5.0,20
2821,21.0,20
2822,33.0,20
2823,3.0,20
2824,2.0,20
2825,3.0,20
2826,5.0,20
2827,44.0,20
2828,2.0,20
2829,26.0,20
2830,46.0,20
2831,106.0,20
2832,5.0,20
2833,3.0,20
2834,9.0,20
2835,7.0,20
2836,15.0,20
2837,132.0,20
2838,3.0,20
2839,7.0,20
2840,13.0,20
2841,5.0,20
2842,12.0,20
2843,15.0,20
2844,4.0,20
2845,24.0,20
2846,21.0,20
2847,19.0,20
2848,15.0,20
2849,16.0,20
2850,36.0,20
2851,23.0,20
2852,35.0,20
2853,9.0,20
2854,22.0,20
2855,5.0,20
2856,3.0,20
2857,9.0,20
2858,7.0,20
2859,24.0,20
2860,5.0,20
2861,3.0,20
2862,28.0,20
2863,7.0,20
2864,23.0,20
2865,11.0,20
2866,148.0,19
2867,2.0,20
2868,23.0,20
2869,8.0,20
2870,9.0,20
2871,24.0,20
2872,15.0,20
2873,8.0,20
2874,13.0,20
2875,12.0,20
2876,9.0,20
2877,3.0,20
2878,23.0,20
2879,10.0,20
2880,25.0,20
2881,8.0,20
2882,17.0,20
2883,9.0,20
2884,76.0,20
2885,4.0,20
2886,5.0,20
2887,20.0,20
2888,18.0,20
2889,7.0,20
2890,5.0,20
2891,2.0,20
2892,18.0,20
2893,57.0,20
2894,23.0,20
2895,2.0,20
2896,15.0,20
2897,13.0,20
2898,5.0,20
2899,23.0,20
2900,29.0,20
2901,14.0,20
2902,19.0,20
2903,74.0,20
2904,6.0,20
2905,58.0,20
2906,57.0,20
2907,6.0,20
2908,14.0,20
2909,12.0,20
2910,5.0,20
2911,8.0,20
2912,10.0,20
2913,21.0,20
2914,3.0,20
2915,1.0,20
2916,20.0,20
2917,12.0,20
2918,19.0,20
2919,8.0,20
2920,27.0,20
2921,16.0,20
2922,5.0,20
2923,71.0,20
2924,23.0,20
2925,12.0,20
2926,6.0,20
2927,1.0,20
2928,6.0,20
2929,36.0,20
2930,15.0,20
2931,9.0,20
2932,54.0,20
2933,24.0,20
2934,39.0,20
2935,6.0,20
2936,16.0,20
2937,3.0,20
2938,2.0,20
2939,18.0,20
2940,6.0,20
2941,127.0,20
2942,13.0,20
2943,17.0,20
2944,24.0,20
2945,4.0,20
2946,74.0,20
2947,3.0,20
2948,4.0,20
2949,4.0,20
2950,33.0,20
2951,46.0,20
2952,95.0,20
2953,34.0,20
2954,3.0,20
2955,11.0,20
2956,28.0,20
2957,8.0,20
2958,8.0,20
2959,4.0,20
2960,6.0,20
2961,1.0,20
2962,2.0,20
2963,15.0,20
2964,10.0,20
2965,12.0,20
2966,17.0,20
2967,5.0,20
2968,2.0,20
2969,2.0,20
2970,4.0,20
2971,9.0,20
2972,2.0,20
2973,3.0,20
2974,17.0,20
2975,1.0,20
2976,4.0,20
2977,4.0,20
2978,2.0,20
2979,25.0,20
2980,6.0,20
2981,6.0,20
2982,2.0,20
2983,19.0,20
2984,22.0,20
2985,16.0,20
2986,11.0,20
2987,26.0,20
2988,22.0,20
2989,2.0,20
2990,7.0,20
2991,11.0,20
2992,4.0,20
2993,5.0,20
2994,6.0,20
2995,32.0,20
2996,6.0,20
2997,19.0,20
2998,9.0,20
2999,22.0,20
3000,11.0,20
3001,30.0,20
3002,21.0,20
3003,24.0,20
3004,23.0,20
3005,4.0,20
3006,2.0,20
3007,12.0,20
3008,9.0,20
3009,25.0,20
3010,3.0,20
3011,15.0,20
3012,21.0,20
3013,5.0,20
3014,36.0,20
3015,15.0,20
3016,7.0,20
3017,14.0,20
3018,15.0,20
3019,4.0,20
3020,195.0,19
3021,15.0,20
3022,22.0,20
3023,5.0,20
3024,21.0,20
3025,28.0,20
3026,27.0,20
3027,4.0,20
3028,46.0,20
3029,44.0,20
3030,31.0,20
3031,2.0,20
3032,7.0,20
3033,10.0,20
3034,60.0,20
3035,4.0,20
3036,11.0,20
3037,21.0,20
3038,18.0,20
3039,8.0,20
3040,3.0,20
3041,5.0,20
3042,3.0,20
3043,4.0,20
3044,9.0,20
3045,2.0,20
3046,3.0,20
3047,64.0,20
3048,22.0,20
3049,50.0,20
3050,26.0,20
3051,9.0,20
3052,3.0,20
3053,6.0,20
3054,19.0,20
3055,5.0,20
3056,11.0,20
3057,6.0,20
3058,2.0,20
3059,34.0,20
3060,9.0,20
3061,9.0,20
3062,28.0,20
3063,9.0,20
3064,15.0,20
3065,17.0,20
3066,4.0,20
3067,21.0,20
3068,9.0,20
3069,2.0,20
3070,14.0,20
3071,23.0,20
3072,37.0,20
3073,5.0,20
3074,14.0,20
3075,1.0,20
3076,5.0,20
3077,6.0,20
3078,57.0,20
3079,2.0,20
3080,4.0,20
3081,5.0,20
3082,1.0,20
3083,32.0,20
3084,19.0,20
3085,9.0,20
3086,31.0,20
3087,12.0,20
3088,29.0,20
3089,24.0,20
3090,5.0,20
3091,10.0,20
3092,25.0,20
3093,7.0,20
3094,14.0,20
3095,70.0,20
3096,14.0,20
3097,2.0,20
3098,10.0,20
3099,11.0,20
3100,4.0,20
3101,12.0,20
3102,2.0,20
3103,17.0,20
3104,4.0,20
3105,90.0,20
3106,23.0,20
3107,25.0,20
3108,1.0,20
3109,13.0,20
3110,1.0,20
3111,6.0,20
3112,2.0,20
3113,18.0,20
3114,33.0,20
3115,18.0,20
3116,3.0,20
3117,40.0,20
3118,17.0,20
3119,1.0,20
3120,3.0,20
3121,13.0,20
3122,43.0,20
3123,4.0,20
3124,3.0,20
3125,68.0,20
3126,10.0,20
3127,5.0,20
3128,10.0,20
3129,7.0,20
3130,13.0,20
3131,3.0,20
3132,1.0,20
3133,10.0,20
3134,11.0,20
3135,6.0,20
3136,1.0,20
3137,29.0,20
3138,1.0,20
3139,7.0,20
3140,6.0,20
3141,15.0,20
3142,14.0,20
3143,22.0,20
3144,38.0,20
3145,8.0,20
3146,16.0,20
3147,5.0,20
3148,3.0,20
3149,2.0,20
3150,2.0,20
3151,10.0,20
3152,51.0,20
3153,25.0,20
3154,10.0,20
3155,34.0,20
3156,3.0,20
3157,14.0,20
3158,15.0,20
3159,4.0,20
3160,13.0,20
3161,1.0,20
3162,2.0,20
3163,3.0,20
3164,9.0,20
3165,25.0,20
3166,5.0,20
3167,18.0,20
3168,3.0,20
3169,48.0,20
3170,5.0,20
3171,20.0,20
3172,11.0,20
3173,3.0,20
3174,20.0,20
3175,7.0,20
3176,11.0,20
3177,1.0,20
3178,22.0,20
3179,7.0,20
3180,1.0,20
3181,5.0,20
3182,1.0,20
3183,3.0,20
3184,7.0,20
3185,7.0,20
3186,44.0,20
3187,2.0,20
3188,20.0,20
3189,4.0,20
3190,9.0,20
3191,12.0,20
3192,47.0,20
3193,6.0,20
3194,11.0,20
3195,16.0,20
3196,23.0,20
3197,13.0,20
3198,1.0,20
3199,2.0,20
3200,30.0,20
3201,22.0,20
3202,2.0,20
3203,15.0,20
3204,15.0,20
3205,15.0,20
3206,1.0,20
3207,37.0,20
3208,4.0,20
3209,23.0,20
3210,17.0,20
3211,9.0,20
3212,22.0,20
3213,11.0,20
3214,3.0,20
3215,11.0,20
3216,6.0,20
3217,2.0,20
3218,59.0,20
3219,16.0,20
3220,56.0,20
3221,23.0,20
3222,3.0,20
3223,28.0,20
3224,9.0,20
3225,2.0,20
3226,399.0,16
3227,1.0,20
3228,2.0,20
3229,17.0,20
3230,34.0,20
3231,18.0,20
3232,14.0,20
3233,17.0,20
3234,3.0,20
3235,8.0,20
3236,3.0,20
3237,5.0,20
3238,19.0,20
3239,19.0,20
3240,21.0,20
3241,10.0,20
3242,8.0,20
3243,13.0,20
3244,474.0,14
3245,18.0,20
3246,12.0,20
3247,25.0,20
3248,6.0,20
3249,1.0,20
3250,15.0,20
3251,6.0,20
3252,3.0,20
3253,14.0,20
3254,4.0,20
3255,2.0,20
3256,28.0,20
3257,9.0,20
3258,13.0,20
3259,37.0,20
3260,29.0,20
3261,16.0,20
3262,10.0,20
3263,10.0,20
3264,15.0,20
3265,14.0,20
3266,40.0,20
3267,6.0,20
3268,11.0,20
3269,8.0,20
3270,2.0,20
3271,9.0,20
3272,75.0,20
3273,3.0,20
3274,1.0,20
3275,1.0,20
3276,4.0,20
3277,20.0,20
3278,38.0,20
3279,13.0,20
3280,18.0,20
3281,3.0,20
3282,37.0,20
3283,6.0,20
3284,11.0,20
3285,3.0,20
3286,18.0,20
3287,4.0,20
3288,15.0,20
3289,8.0,20
3290,9.0,20
3291,5.0,20
3292,11.0,20
3293,22.0,20
3294,22.0,20
3295,7.0,20
3296,28.0,20
3297,5.0,20
3298,37.0,20
3299,25.0,20
3300,3.0,20
3301,12.0,20
3302,25.0,20
3303,7.0,20
3304,16.0,20
3305,2.0,20
3306,46.0,20
3307,17.0,20
3308,9.0,20
3309,4.0,20
3310,20.0,20
3311,33.0,20
3312,9.0,20
3313,6.0,20
3314,15.0,20
3315,1.0,20
3316,38.0,20
3317,2.0,20
3318,2.0,20
3319,11.0,20
3320,2.0,20
3321,22.0,20
3322,10.0,20
3323,6.0,20
3324,23.0,20
3325,3.0,20
3326,2.0,20
3327,2.0,20
3328,2.0,20
3329,2.0,20
3330,3.0,20
3331,11.0,20
3332,8.0,20
3333,8.0,20
3334,2.0,20
3335,1.0,20
3336,13.0,20
3337,69.0,20
3338,9.0,20
3339,24.0,20
3340,10.0,20
3341,10.0,20
3342,15.0,20
3343,8.0,20
3344,2.0,20
3345,49.0,20
3346,4.0,20
3347,14.0,20
3348,54.0,20
3349,3.0,20
3350,5.0,20
3351,13.0,20
3352,12.0,20
3353,6.0,20
3354,47.0,20
3355,8.0,20
3356,33.0,20
3357,4.0,20
3358,72.0,20
3359,13.0,20
3360,3.0,20
3361,14.0,20
3362,7.0,20
3363,19.0,20
3364,1.0,20
3365,8.0,20
3366,53.0,20
3367,59.0,20
3368,17.0,20
3369,15.0,20
3370,27.0,20
3371,12.0,20
3372,1.0,20
3373,13.0,20
3374,7.0,20
3375,19.0,20
3376,2.0,20
3377,3.0,20
3378,24.0,20
3379,5.0,20
3380,4.0,20
3381,5.0,20
3382,36.0,20
3383,44.0,20
3384,81.0,20
3385,103.0,20
3386,68.0,20
3387,71.0,20
3388,16.0,20
3389,2.0,20
3390,2.0,20
3391,159.0,19
3392,29.0,20
3393,16.0,20
3394,2.0,20
3395,9.0,20
3396,11.0,20
3397,105.0,20
3398,10.0,20
3399,4.0,20
3400,8.0,20
3401,8.0,20
3402,7.0,20
3403,31.0,20
3404,6.0,20
3405,60.0,20
3406,40.0,20
3407,10.0,20
3408,13.0,20
3409,26.0,20
3410,21.0,20
3411,4.0,20
3412,35.0,20
3413,11.0,20
3414,25.0,20
3415,37.0,20
3416,2.0,20
3417,9.0,20
3418,10.0,20
3419,27.0,20
3420,14.0,20
3421,1.0,20
3422,11.0,20
3423,2.0,20
3424,3.0,20
3425,11.0,20
3426,2.0,20
3427,12.0,20
3428,7.0,20
3429,2.0,20
3430,9.0,20
3431,13.0,20
3432,83.0,20
3433,11.0,20
3434,1.0,20
3435,25.0,20
3436,67.0,20
3437,4.0,20
3438,14.0,20
3439,2.0,20
3440,5.0,20
3441,31.0,20
3442,2.0,20
3443,2.0,20
3444,3.0,20
3445,9.0,20
3446,2.0,20
3447,8.0,20
3448,11.0,20
3449,56.0,20
3450,18.0,20
3451,1.0,20
3452,43.0,20
3453,7.0,20
3454,13.0,20
3455,19.0,20
3456,6.0,20
3457,12.0,20
3458,19.0,20
3459,70.0,20
3460,2.0,20
3461,7.0,20
3462,7.0,20
3463,10.0,20
3464,7.0,20
3465,11.0,20
3466,24.0,20
3467,6.0,20
3468,8.0,20
3469,6.0,20
3470,11.0,20
3471,15.0,20
3472,7.0,20
3473,12.0,20
3474,4.0,20
3475,63.0,20
3476,6.0,20
3477,29.0,20
3478,3.0,20
3479,7.0,20
3480,20.0,20
3481,2.0,20
3482,32.0,20
3483,17.0,20
3484,120.0,20
3485,9.0,20
3486,5.0,20
3487,5.0,20
3488,2.0,20
3489,17.0,20
3490,14.0,20
3491,1.0,20
3492,10.0,20
3493,6.0,20
3494,7.0,20
3495,2.0,20
3496,11.0,20
3497,12.0,20
3498,5.0,20
3499,10.0,20
3500,9.0,20
3501,10.0,20
3502,34.0,20
3503,6.0,20
3504,8.0,20
3505,22.0,20
3506,2.0,20
3507,8.0,20
3508,1.0,20
3509,3.0,20
3510,36.0,20
3511,2.0,20
3512,4.0,20
3513,6.0,20
3514,11.0,20
3515,3.0,20
3516,48.0,20
3517,1.0,20
3518,5.0,20
3519,39.0,20
3520,10.0,20
3521,9.0,20
3522,9.0,20
3523,38.0,20
3524,28.0,20
3525,11.0,20
3526,25.0,20
3527,20.0,20
3528,6.0,20
3529,53.0,20
3530,4.0,20
3531,3.0,20
3532,3.0,20
3533,24.0,20
3534,12.0,20
3535,1.0,20
3536,1.0,20
3537,97.0,20
3538,5.0,20
3539,10.0,20
3540,19.0,20
3541,13.0,20
3542,3.0,20
3543,3.0,20
3544,6.0,20
3545,58.0,20
3546,12.0,20
3547,15.0,20
3548,61.0,20
3549,4.0,20
3550,6.0,20
3551,16.0,20
3552,14.0,20
3553,12.0,20
3554,63.0,20
3555,12.0,20
3556,6.0,20
3557,15.0,20
3558,6.0,20
3559,11.0,20
3560,13.0,20
3561,23.0,20
3562,83.0,20
3563,20.0,20
3564,18.0,20
3565,71.0,20
3566,24.0,20
3567,1.0,20
3568,14.0,20
3569,2.0,20
3570,7.0,20
3571,33.0,20
3572,1.0,20
3573,37.0,20
3574,31.0,20
3575,16.0,20
3576,33.0,20
3577,3.0,20
3578,6.0,20
3579,29.0,20
3580,7.0,20
3581,6.0,20
3582,3.0,20
3583,221.0,19
3584,3.0,20
3585,10.0,20
3586,8.0,20
3587,6.0,20
3588,13.0,20
3589,8.0,20
3590,23.0,20
3591,29.0,20
3592,3.0,20
3593,1.0,20
3594,21.0,20
3595,2.0,20
3596,1.0,20
3597,16.0,20
3598,52.0,20
3599,9.0,20
3600,13.0,20
3601,39.0,20
3602,11.0,20
3603,166.0,19
3604,289.0,18
3605,60.0,20
3606,16.0,20
3607,2.0,20
3608,9.0,20
3609,6.0,20
3610,19.0,20
3611,19.0,20
3612,4.0,20
3613,111.0,20
3614,17.0,20
3615,2.0,20
3616,51.0,20
3617,7.0,20
3618,2.0,20
3619,8.0,20
3620,66.0,20
3621,2.0,20
3622,5.0,20
3623,2.0,20
3624,9.0,20
3625,8.0,20
3626,8.0,20
3627,13.0,20
3628,2.0,20
3629,18.0,20
3630,2.0,20
3631,50.0,20
3632,24.0,20
3633,9.0,20
3634,46.0,20
3635,10.0,20
3636,87.0,20
3637,48.0,20
3638,5.0,20
3639,45.0,20
3640,12.0,20
3641,60.0,20
3642,46.0,20
3643,15.0,20
3644,17.0,20
3645,9.0,20
3646,2.0,20
3647,7.0,20
3648,35.0,20
3649,19.0,20
3650,6.0,20
3651,10.0,20
3652,9.0,20
3653,30.0,20
3654,35.0,20
3655,13.0,20
3656,3.0,20
3657,5.0,20
3658,27.0,20
3659,4.0,20
3660,2.0,20
3661,51.0,20
3662,2.0,20
3663,4.0,20
3664,7.0,20
3665,193.0,19
3666,5.0,20
3667,1.0,20
3668,8.0,20
3669,62.0,20
3670,15.0,20
3671,2.0,20
3672,6.0,20
3673,20.0,20
3674,86.0,20
3675,11.0,20
3676,10.0,20
3677,3.0,20
3678,2.0,20
3679,2.0,20
3680,2.0,20
3681,33.0,20
3682,7.0,20
3683,41.0,20
3684,21.0,20
3685,3.0,20
3686,13.0,20
3687,2.0,20
3688,3.0,20
3689,41.0,20
3690,24.0,20
3691,13.0,20
3692,6.0,20
3693,9.0,20
3694,8.0,20
3695,3.0,20
3696,22.0,20
3697,5.0,20
3698,20.0,20
3699,3.0,20
3700,23.0,20
3701,40.0,20
3702,22.0,20
3703,67.0,20
3704,21.0,20
3705,12.0,20
3706,25.0,20
3707,14.0,20
3708,5.0,20
3709,3.0,20
3710,9.0,20
3711,42.0,20
3712,5.0,20
3713,124.0,20
3714,10.0,20
3715,2.0,20
3716,43.0,20
3717,31.0,20
3718,11.0,20
3719,16.0,20
3720,23.0,20
3721,42.0,20
3722,18.0,20
3723,6.0,20
3724,38.0,20
3725,42.0,20
3726,29.0,20
3727,2.0,20
3728,3.0,20
3729,27.0,20
3730,2.0,20
3731,2.0,20
3732,2.0,20
3733,3.0,20
3734,12.0,20
3735,22.0,20
3736,6.0,20
3737,2.0,20
3738,3.0,20
3739,26.0,20
3740,23.0,20
3741,30.0,20
3742,13.0,20
3743,11.0,20
3744,1.0,20
3745,9.0,20
3746,3.0,20
3747,38.0,20
3748,10.0,20
3749,51.0,20
3750,11.0,20
3751,4.0,20
3752,5.0,20
3753,28.0,20
3754,17.0,20
3755,20.0,20
3756,3.0,20
3757,9.0,20
3758,170.0,19
3759,35.0,20
3760,7.0,20
3761,53.0,20
3762,6.0,20
3763,39.0,20
3764,30.0,20
3765,7.0,20
3766,5.0,20
3767,2.0,20
3768,16.0,20
3769,15.0,20
3770,53.0,20
3771,3.0,20
3772,29.0,20
3773,11.0,20
3774,29.0,20
3775,6.0,20
3776,5.0,20
3777,91.0,20
3778,2.0,20
3779,32.0,20
3780,1.0,20
3781,92.0,20
3782,2.0,20
3783,1.0,20
3784,109.0,20
3785,37.0,20
3786,3.0,20
3787,18.0,20
3788,1.0,20
3789,14.0,20
3790,6.0,20
3791,24.0,20
3792,49.0,20
3793,8.0,20
3794,5.0,20
3795,17.0,20
3796,261.0,19
3797,43.0,20
3798,7.0,20
3799,8.0,20
3800,43.0,20
3801,1.0,20
3802,7.0,20
3803,2.0,20
3804,4.0,20
3805,2.0,20
3806,68.0,20
3807,1.0,20
3808,19.0,20
3809,10.0,20
3810,4.0,20
3811,6.0,20
3812,10.0,20
3813,15.0,20
3814,8.0,20
3815,23.0,20
3816,3.0,20
3817,42.0,20
3818,8.0,20
3819,6.0,20
3820,14.0,20
3821,11.0,20
3822,15.0,20
3823,26.0,20
3824,2.0,20
3825,8.0,20
3826,3.0,20
3827,28.0,20
3828,82.0,20
3829,4.0,20
3830,11.0,20
3831,5.0,20
3832,8.0,20
3833,16.0,20
3834,177.0,19
3835,24.0,20
3836,42.0,20
3837,1.0,20
3838,13.0,20
3839,3.0,20
3840,11.0,20
3841,20.0,20
3842,5.0,20
3843,26.0,20
3844,2.0,20
3845,3.0,20
3846,25.0,20
3847,2.0,20
3848,16.0,20
3849,5.0,20
3850,12.0,20
3851,90.0,20
3852,24.0,20
3853,1.0,20
3854,16.0,20
3855,11.0,20
3856,19.0,20
3857,2.0,20
3858,24.0,20
3859,52.0,20
3860,31.0,20
3861,95.0,20
3862,2.0,20
3863,2.0,20
3864,31.0,20
3865,12.0,20
3866,35.0,20
3867,86.0,20
3868,11.0,20
3869,3.0,20
3870,9.0,20
3871,20.0,20
3872,7.0,20
3873,15.0,20
3874,110.0,20
3875,125.0,20
3876,3.0,20
3877,28.0,20
3878,2.0,20
3879,22.0,20
3880,9.0,20
3881,30.0,20
3882,51.0,20
3883,5.0,20
3884,28.0,20
3885,1.0,20
3886,26.0,20
3887,3.0,20
3888,6.0,20
3889,2.0,20
3890,53.0,20
3891,19.0,20
3892,11.0,20
3893,4.0,20
3894,2.0,20
3895,15.0,20
3896,21.0,20
3897,5.0,20
3898,47.0,20
3899,2.0,20
3900,7.0,20
3901,25.0,20
3902,5.0,20
3903,23.0,20
3904,1.0,20
3905,37.0,20
3906,13.0,20
3907,10.0,20
3908,7.0,20
3909,6.0,20
3910,14.0,20
3911,17.0,20
3912,13.0,20
3913,36.0,20
3914,40.0,20
3915,39.0,20
3916,5.0,20
3917,12.0,20
3918,7.0,20
3919,2.0,20
3920,5.0,20
3921,15.0,20
3922,12.0,20
3923,12.0,20
3924,8.0,20
3925,34.0,20
3926,10.0,20
3927,18.0,20
3928,6.0,20
3929,3.0,20
3930,2.0,20
3931,1.0,20
3932,5.0,20
3933,3.0,20
3934,16.0,20
3935,3.0,20
3936,14.0,20
3937,8.0,20
3938,19.0,20
3939,72.0,20
3940,13.0,20
3941,94.0,20
3942,11.0,20
3943,13.0,20
3944,30.0,20
3945,11.0,20
3946,2.0,20
3947,2.0,20
3948,3.0,20
3949,23.0,20
3950,41.0,20
3951,2.0,20
3952,62.0,20
3953,24.0,20
3954,7.0,20
3955,5.0,20
3956,5.0,20
3957,5.0,20
3958,3.0,20
3959,3.0,20
3960,87.0,20
3961,3.0,20
3962,1.0,20
3963,17.0,20
3964,8.0,20
3965,2.0,20
3966,12.0,20
3967,3.0,20
3968,9.0,20
3969,3.0,20
3970,77.0,20
3971,5.0,20
3972,4.0,20
3973,7.0,20
3974,48.0,20
3975,73.0,20
3976,3.0,20
3977,13.0,20
3978,1.0,20
3979,15.0,20
3980,1.0,20
3981,6.0,20
3982,2.0,20
3983,126.0,20
3984,33.0,20
3985,25.0,20
3986,2.0,20
3987,24.0,20
3988,62.0,20
3989,9.0,20
3990,8.0,20
3991,8.0,20
3992,6.0,20
3993,16.0,20
3994,5.0,20
3995,11.0,20
3996,2.0,20
3997,3.0,20
3998,15.0,20
3999,5.0,20
4000,44.0,20
4001,5.0,20
4002,4.0,20
4003,72.0,20
4004,3.0,20
4005,34.0,20
4006,6.0,20
4007,14.0,20
4008,11.0,20
4009,11.0,20
4010,17.0,20
4011,8.0,20
4012,1.0,20
4013,1.0,20
4014,22.0,20
4015,53.0,20
4016,1.0,20
4017,1.0,20
4018,7.0,20
4019,1.0,20
4020,12.0,20
4021,10.0,20
4022,4.0,20
4023,3.0,20
4024,23.0,20
4025,5.0,20
4026,16.0,20
4027,6.0,20
4028,4.0,20
4029,63.0,20
4030,47.0,20
4031,96.0,20
4032,40.0,20
4033,5.0,20
4034,8.0,20
4035,7.0,20
4036,7.0,20
4037,4.0,20
4038,13.0,20
4039,11.0,20
4040,7.0,20
4041,3.0,20
4042,8.0,20
4043,8.0,20
4044,12.0,20
4045,58.0,20
4046,17.0,20
4047,5.0,20
4048,5.0,20
4049,10.0,20
4050,4.0,20
4051,50.0,20
4052,2.0,20
4053,8.0,20
4054,3.0,20
4055,1.0,20
4056,9.0,20
4057,4.0,20
4058,2.0,20
4059,2.0,20
4060,3.0,20
4061,2.0,20
4062,16.0,20
4063,14.0,20
4064,6.0,20
4065,8.0,20
4066,26.0,20
4067,2.0,20
4068,18.0,20
4069,3.0,20
4070,29.0,20
4071,25.0,20
4072,2.0,20
4073,3.0,20
4074,15.0,20
4075,13.0,20
4076,10.0,20
4077,4.0,20
4078,26.0,20
4079,14.0,20
4080,22.0,20
4081,4.0,20
4082,21.0,20
4083,12.0,20
4084,6.0,20
4085,32.0,20
4086,10.0,20
4087,10.0,20
4088,7.0,20
4089,4.0,20
4090,16.0,20
4091,3.0,20
4092,57.0,20
4093,17.0,20
4094,102.0,20
4095,4.0,20
4096,16.0,20
4097,25.0,20
4098,58.0,20
4099,36.0,20
4100,2.0,20
4101,23.0,20
4102,24.0,20
4103,6.0,20
4104,4.0,20
4105,10.0,20
4106,3.0,20
4107,21.0,20
4108,9.0,20
4109,2.0,20
4110,13.0,20
4111,6.0,20
4112,11.0,20
4113,69.0,20
4114,76.0,20
4115,5.0,20
4116,15.0,20
4117,20.0,20
4118,2.0,20
4119,15.0,20
4120,8.0,20
4121,4.0,20
4122,55.0,20
4123,46.0,20
4124,5.0,20
4125,3.0,20
4126,5.0,20
4127,117.0,20
4128,26.0,20
4129,7.0,20
4130,17.0,20
4131,24.0,20
4132,3.0,20
4133,27.0,20
4134,6.0,20
4135,24.0,20
4136,3.0,20
4137,26.0,20
4138,10.0,20
4139,1.0,20
4140,4.0,20
4141,2.0,20
4142,16.0,20
4143,16.0,20
4144,6.0,20
4145,4.0,20
4146,52.0,20
4147,8.0,20
4148,3.0,20
4149,4.0,20
4150,9.0,20
4151,11.0,20
4152,8.0,20
4153,13.0,20
4154,17.0,20
4155,2.0,20
4156,5.0,20
4157,21.0,20
4158,20.0,20
4159,38.0,20
4160,14.0,20
4161,15.0,20
4162,16.0,20
4163,58.0,20
4164,2.0,20
4165,22.0,20
4166,3.0,20
4167,59.0,20
4168,16.0,20
4169,4.0,20
4170,11.0,20
4171,21.0,20
4172,58.0,20
4173,5.0,20
4174,23.0,20
4175,20.0,20
4176,2.0,20
4177,63.0,20
4178,14.0,20
4179,3.0,20
4180,38.0,20
4181,24.0,20
4182,11.0,20
4183,6.0,20
4184,16.0,20
4185,42.0,20
4186,9.0,20
4187,5.0,20
4188,23.0,20
4189,11.0,20
4190,44.0,20
4191,2.0,20
4192,9.0,20
4193,4.0,20
4194,2.0,20
4195,8.0,20
4196,2.0,20
4197,16.0,20
4198,2.0,20
4199,4.0,20
4200,26.0,20
4201,4.0,20
4202,24.0,20
4203,44.0,20
4204,7.0,20
4205,65.0,20
4206,18.0,20
4207,5.0,20
4208,11.0,20
4209,5.0,20
4210,2.0,20
4211,7.0,20
4212,12.0,20
4213,12.0,20
4214,4.0,20
4215,12.0,20
4216,5.0,20
4217,4.0,20
4218,10.0,20
4219,11.0,20
4220,3.0,20
4221,8.0,20
4222,3.0,20
4223,9.0,20
4224,8.0,20
4225,22.0,20
4226,10.0,20
4227,7.0,20
4228,6.0,20
4229,26.0,20
4230,14.0,20
4231,9.0,20
4232,28.0,20
4233,5.0,20
4234,10.0,20
4235,24.0,20
4236,29.0,20
4237,3.0,20
4238,3.0,20
4239,112.0,20
4240,27.0,20
4241,28.0,20
4242,5.0,20
4243,3.0,20
4244,27.0,20
4245,420.0,16
4246,3.0,20
4247,40.0,20
4248,157.0,19
4249,10.0,20
4250,5.0,20
4251,7.0,20
4252,7.0,20
4253,27.0,20
4254,5.0,20
4255,10.0,20
4256,21.0,20
4257,15.0,20
4258,33.0,20
4259,46.0,20
4260,6.0,20
4261,12.0,20
4262,6.0,20
4263,15.0,20
4264,9.0,20
4265,45.0,20
4266,6.0,20
4267,47.0,20
4268,2.0,20
4269,8.0,20
4270,12.0,20
4271,1.0,20
4272,9.0,20
4273,3.0,20
4274,2.0,20
4275,10.0,20
4276,1.0,20
4277,22.0,20
4278,7.0,20
4279,11.0,20
4280,28.0,20
4281,12.0,20
4282,26.0,20
4283,26.0,20
4284,4.0,20
4285,19.0,20
4286,11.0,20
4287,6.0,20
4288,1.0,20
4289,24.0,20
4290,3.0,20
4291,25.0,20
4292,32.0,20
4293,4.0,20
4294,3.0,20
4295,15.0,20
4296,23.0,20
4297,4.0,20
4298,6.0,20
4299,15.0,20
4300,8.0,20
4301,96.0,20
4302,54.0,20
4303,13.0,20
4304,9.0,20
4305,1.0,20
4306,52.0,20
4307,5.0,20
4308,15.0,20
4309,4.0,20
4310,22.0,20
4311,55.0,20
4312,7.0,20
4313,22.0,20
4314,12.0,20
4315,4.0,20
4316,3.0,20
4317,10.0,20
4318,4.0,20
4319,2.0,20
4320,1.0,20
4321,2.0,20
4322,1.0,20
4323,16.0,20
4324,35.0,20
4325,12.0,20
4326,9.0,20
4327,21.0,20
4328,3.0,20
4329,31.0,20
4330,5.0,20
4331,11.0,20
4332,35.0,20
4333,31.0,20
4334,1.0,20
4335,17.0,20
4336,24.0,20
4337,13.0,20
4338,14.0,20
4339,7.0,20
4340,2.0,20
4341,5.0,20
4342,18.0,20
4343,15.0,20
4344,1.0,20
4345,14.0,20
4346,3.0,20
4347,1.0,20
4348,12.0,20
4349,4.0,20
4350,1.0,20
4351,1.0,20
4352,3.0,20
4353,6.0,20
4354,2.0,20
4355,30.0,20
4356,5.0,20
4357,6.0,20
4358,47.0,20
4359,14.0,20
4360,9.0,20
4361,27.0,20
4362,8.0,20
4363,11.0,20
4364,14.0,20
4365,2.0,20
4366,15.0,20
4367,7.0,20
4368,2.0,20
4369,4.0,20
4370,6.0,20
4371,34.0,20
4372,20.0,20
4373,12.0,20
4374,9.0,20
4375,10.0,20
4376,7.0,20
4377,2.0,20
4378,1.0,20
4379,18.0,20
4380,19.0,20
4381,1.0,20
4382,37.0,20
4383,30.0,20
4384,13.0,20
4385,21.0,20
4386,4.0,20
4387,10.0,20
4388,2.0,20
4389,9.0,20
4390,5.0,20
4391,22.0,20
4392,1.0,20
4393,30.0,20
4394,6.0,20
4395,20.0,20
4396,51.0,20
4397,18.0,20
4398,3.0,20
4399,20.0,20
4400,4.0,20
4401,19.0,20
4402,22.0,20
4403,27.0,20
4404,2.0,20
4405,8.0,20
4406,36.0,20
4407,9.0,20
4408,12.0,20
4409,2.0,20
4410,3.0,20
4411,10.0,20
4412,7.0,20
4413,563.0,12
4414,20.0,20
4415,2.0,20
4416,32.0,20
4417,17.0,20
4418,14.0,20
4419,13.0,20
4420,4.0,20
4421,6.0,20
4422,1.0,20
4423,11.0,20
4424,1.0,20
4425,1.0,20
4426,22.0,20
4427,19.0,20
4428,61.0,20
4429,42.0,20
4430,1.0,20
4431,27.0,20
4432,48.0,20
4433,36.0,20
4434,14.0,20
4435,22.0,20
4436,13.0,20
4437,3.0,20
4438,4.0,20
4439,12.0,20
4440,49.0,20
4441,20.0,20
4442,31.0,20
4443,18.0,20
4444,4.0,20
4445,74.0,20
4446,7.0,20
4447,4.0,20
4448,15.0,20
4449,31.0,20
4450,14.0,20
4451,5.0,20
4452,13.0,20
4453,4.0,20
4454,10.0,20
4455,19.0,20
4456,17.0,20
4457,21.0,20
4458,17.0,20
4459,30.0,20
4460,3.0,20
4461,14.0,20
4462,7.0,20
4463,5.0,20
4464,6.0,20
4465,9.0,20
4466,6.0,20
4467,13.0,20
4468,13.0,20
4469,20.0,20
4470,17.0,20
4471,22.0,20
4472,4.0,20
4473,86.0,20
4474,28.0,20
4475,19.0,20
4476,50.0,20
4477,38.0,20
4478,6.0,20
4479,8.0,20
4480,6.0,20
4481,48.0,20
4482,15.0,20
4483,56.0,20
4484,37.0,20
4485,4.0,20
4486,5.0,20
4487,7.0,20
4488,11.0,20
4489,6.0,20
4490,104.0,20
4491,21.0,20
4492,1.0,20
4493,12.0,20
4494,1.0,20
4495,178.0,19
4496,13.0,20
4497,24.0,20
4498,49.0,20
4499,40.0,20
4500,20.0,20
4501,10.0,20
4502,25.0,20
4503,9.0,20
4504,2.0,20
4505,5.0,20
4506,1.0,20
4507,5.0,20
4508,10.0,20
4509,5.0,20
4510,7.0,20
4511,7.0,20
4512,2.0,20
4513,11.0,20
4514,5.0,20
4515,11.0,20
4516,25.0,20
4517,59.0,20
4518,68.0,20
4519,3.0,20
4520,11.0,20
4521,2.0,20
4522,4.0,20
4523,34.0,20
4524,2.0,20
4525,25.0,20
4526,33.0,20
4527,15.0,20
4528,240.0,19
4529,9.0,20
4530,17.0,20
4531,19.0,20
4532,34.0,20
4533,2.0,20
4534,6.0,20
4535,17.0,20
4536,59.0,20
4537,13.0,20
4538,2.0,20
4539,14.0,20
4540,15.0,20
4541,180.0,19
4542,147.0,19
4543,1.0,20
4544,6.0,20
4545,21.0,20
4546,4.0,20
4547,25.0,20
4548,76.0,20
4549,21.0,20
4550,10.0,20
4551,25.0,20
4552,10.0,20
4553,3.0,20
4554,30.0,20
4555,7.0,20
4556,14.0,20
4557,3.0,20
4558,16.0,20
4559,13.0,20
4560,1.0,20
4561,17.0,20
4562,21.0,20
4563,6.0,20
4564,12.0,20
4565,15.0,20
4566,3.0,20
4567,2.0,20
4568,2.0,20
4569,4.0,20
4570,21.0,20
4571,30.0,20
4572,78.0,20
4573,6.0,20
4574,9.0,20
4575,4.0,20
4576,2.0,20
4577,15.0,20
4578,12.0,20
4579,12.0,20
4580,5.0,20
4581,2.0,20
4582,34.0,20
4583,19.0,20
4584,9.0,20
4585,6.0,20
4586,2.0,20
4587,11.0,20
4588,55.0,20
4589,1.0,20
4590,30.0,20
4591,8.0,20
4592,5.0,20
4593,21.0,20
4594,6.0,20
4595,3.0,20
4596,36.0,20
4597,14.0,20
4598,6.0,20
4599,11.0,20
4600,14.0,20
4601,6.0,20
4602,15.0,20
4603,5.0,20
4604,13.0,20
4605,14.0,20
4606,11.0,20
4607,3.0,20
4608,18.0,20
4609,8.0,20
4610,14.0,20
4611,5.0,20
4612,18.0,20
4613,26.0,20
4614,60.0,20
4615,33.0,20
4616,36.0,20
4617,35.0,20
4618,9.0,20
4619,7.0,20
4620,5.0,20
4621,93.0,20
4622,6.0,20
4623,2.0,20
4624,7.0,20
4625,5.0,20
4626,27.0,20
4627,8.0,20
4628,84.0,20
4629,137.0,20
4630,33.0,20
4631,5.0,20
4632,19.0,20
4633,3.0,20
4634,3.0,20
4635,6.0,20
4636,71.0,20
4637,56.0,20
4638,22.0,20
4639,11.0,20
4640,3.0,20
4641,24.0,20
4642,6.0,20
4643,28.0,20
4644,36.0,20
4645,2.0,20
4646,11.0,20
4647,91.0,20
4648,2.0,20
4649,9.0,20
4650,112.0,20
4651,68.0,20
4652,7.0,20
4653,1.0,20
4654,43.0,20
4655,18.0,20
4656,2.0,20
4657,4.0,20
4658,31.0,20
4659,42.0,20
4660,16.0,20
4661,2.0,20
4662,28.0,20
4663,20.0,20
4664,2.0,20
4665,4.0,20
4666,4.0,20
4667,99.0,20
4668,35.0,20
4669,3.0,20
4670,22.0,20
4671,17.0,20
4672,83.0,20
4673,11.0,20
4674,21.0,20
4675,16.0,20
4676,2.0,20
4677,9.0,20
4678,2.0,20
4679,15.0,20
4680,19.0,20
4681,18.0,20
4682,2.0,20
4683,8.0,20
4684,6.0,20
4685,8.0,20
4686,21.0,20
4687,8.0,20
4688,30.0,20
4689,102.0,20
4690,13.0,20
4691,12.0,20
4692,27.0,20
4693,29.0,20
4694,30.0,20
4695,8.0,20
4696,7.0,20
4697,4.0,20
4698,19.0,20
4699,1.0,20
4700,7.0,20
4701,22.0,20
4702,14.0,20
4703,18.0,20
4704,39.0,20
4705,6.0,20
4706,8.0,20
4707,55.0,20
4708,3.0,20
4709,49.0,20
4710,2.0,20
4711,7.0,20
4712,22.0,20
4713,20.0,20
4714,1.0,20
4715,1.0,20
4716,3.0,20
4717,9.0,20
4718,8.0,20
4719,19.0,20
4720,4.0,20
4721,16.0,20
4722,1.0,20
4723,2.0,20
4724,8.0,20
4725,19.0,20
4726,12.0,20
4727,4.0,20
4728,7.0,20
4729,147.0,19
4730,24.0,20
4731,28.0,20
4732,1.0,20
4733,17.0,20
4734,8.0,20
4735,19.0,20
4736,2.0,20
4737,9.0,20
4738,34.0,20
4739,6.0,20
4740,3.0,20
4741,4.0,20
4742,10.0,20
4743,11.0,20
4744,15.0,20
4745,3.0,20
4746,32.0,20
4747,58.0,20
4748,5.0,20
4749,3.0,20
4750,11.0,20
4751,9.0,20
4752,12.0,20
4753,3.0,20
4754,16.0,20
4755,12.0,20
4756,7.0,20
4757,35.0,20
4758,108.0,20
4759,1.0,20
4760,2.0,20
4761,3.0,20
4762,4.0,20
4763,7.0,20
4764,7.0,20
4765,5.0,20
4766,6.0,20
4767,1.0,20
4768,43.0,20
4769,12.0,20
4770,2.0,20
4771,3.0,20
4772,6.0,20
4773,49.0,20
4774,4.0,20
4775,58.0,20
4776,6.0,20
4777,19.0,20
4778,119.0,20
4779,24.0,20
4780,30.0,20
4781,32.0,20
4782,18.0,20
4783,82.0,20
4784,15.0,20
4785,23.0,20
4786,2.0,20
4787,25.0,20
4788,2.0,20
4789,22.0,20
4790,61.0,20
4791,2.0,20
4792,32.0,20
4793,126.0,20
4794,6.0,20
4795,23.0,20
4796,20.0,20
4797,5.0,20
4798,3.0,20
4799,2.0,20
4800,25.0,20
4801,23.0,20
4802,42.0,20
4803,31.0,20
4804,3.0,20
4805,2.0,20
4806,85.0,20
4807,4.0,20
4808,3.0,20
4809,31.0,20
4810,18.0,20
4811,5.0,20
4812,51.0,20
4813,29.0,20
4814,6.0,20
4815,45.0,20
4816,11.0,20
4817,2.0,20
4818,38.0,20
4819,7.0,20
4820,18.0,20
4821,23.0,20
4822,27.0,20
4823,5.0,20
4824,21.0,20
4825,4.0,20
4826,36.0,20
4827,80.0,20
4828,3.0,20
4829,7.0,20
4830,8.0,20
4831,129.0,20
4832,109.0,20
4833,6.0,20
4834,7.0,20
4835,3.0,20
4836,37.0,20
4837,18.0,20
4838,13.0,20
4839,7.0,20
4840,6.0,20
4841,8.0,20
4842,58.0,20
4843,5.0,20
4844,6.0,20
4845,17.0,20
4846,9.0,20
4847,22.0,20
4848,8.0,20
4849,42.0,20
4850,2.0,20
4851,24.0,20
4852,5.0,20
4853,10.0,20
4854,136.0,20
4855,2.0,20
4856,54.0,20
4857,10.0,20
4858,3.0,20
4859,5.0,20
4860,59.0,20
4861,15.0,20
4862,38.0,20
4863,19.0,20
4864,6.0,20
4865,5.0,20
4866,23.0,20
4867,1.0,20
4868,7.0,20
4869,5.0,20
4870,29.0,20
4871,7.0,20
4872,8.0,20
4873,5.0,20
4874,9.0,20
4875,6.0,20
4876,12.0,20
4877,4.0,20
4878,22.0,20
4879,4.0,20
4880,3.0,20
4881,5.0,20
4882,8.0,20
4883,6.0,20
4884,5.0,20
4885,25.0,20
4886,49.0,20
4887,2.0,20
4888,7.0,20
4889,11.0,20
4890,9.0,20
4891,3.0,20
4892,3.0,20
4893,22.0,20
4894,4.0,20
4895,11.0,20
4896,9.0,20
4897,21.0,20
4898,22.0,20
4899,4.0,20
4900,5.0,20
4901,4.0,20
4902,7.0,20
4903,16.0,20
4904,26.0,20
4905,1.0,20
4906,6.0,20
4907,10.0,20
4908,45.0,20
4909,29.0,20
4910,3.0,20
4911,37.0,20
4912,7.0,20
4913,6.0,20
4914,1.0,20
4915,25.0,20
4916,6.0,20
4917,13.0,20
4918,3.0,20
4919,5.0,20
4920,3.0,20
4921,75.0,20
4922,30.0,20
4923,32.0,20
4924,226.0,19
4925,171.0,19
4926,35.0,20
4927,5.0,20
4928,1.0,20
4929,101.0,20
4930,10.0,20
4931,4.0,20
4932,5.0,20
4933,16.0,20
4934,7.0,20
4935,9.0,20
4936,83.0,20
4937,12.0,20
4938,3.0,20
4939,154.0,19
4940,13.0,20
4941,43.0,20
4942,5.0,20
4943,17.0,20
4944,4.0,20
4945,34.0,20
4946,31.0,20
4947,7.0,20
4948,14.0,20
4949,15.0,20
4950,1.0,20
4951,37.0,20
4952,9.0,20
4953,5.0,20
4954,13.0,20
4955,16.0,20
4956,19.0,20
4957,34.0,20
4958,3.0,20
4959,3.0,20
4960,18.0,20
4961,38.0,20
4962,34.0,20
4963,73.0,20
4964,15.0,20
4965,4.0,20
4966,32.0,20
4967,2.0,20
4968,14.0,20
4969,7.0,20
4970,31.0,20
4971,2.0,20
4972,21.0,20
4973,19.0,20
4974,1.0,20
4975,2.0,20
4976,17.0,20
4977,5.0,20
4978,10.0,20
4979,10.0,20
4980,15.0,20
4981,7.0,20
4982,53.0,20
4983,5.0,20
4984,9.0,20
4985,15.0,20
4986,33.0,20
4987,21.0,20
4988,16.0,20
4989,7.0,20
4990,40.0,20
4991,16.0,20
4992,12.0,20
4993,15.0,20
4994,1.0,20
4995,27.0,20
4996,1.0,20
4997,33.0,20
4998,20.0,20
4999,6.0,20
5000,23.0,20
5001,9.0,20
5002,3.0,20
5003,2.0,20
5004,12.0,20
5005,39.0,20
5006,21.0,20
5007,6.0,20
5008,1.0,20
5009,7.0,20
5010,15.0,20
5011,7.0,20
5012,5.0,20
5013,27.0,20
5014,8.0,20
5015,9.0,20
5016,3.0,20
5017,5.0,20
5018,4.0,20
5019,12.0,20
5020,15.0,20
5021,6.0,20
5022,7.0,20
5023,6.0,20
5024,16.0,20
5025,4.0,20
5026,84.0,20
5027,20.0,20
5028,22.0,20
5029,9.0,20
5030,93.0,20
5031,4.0,20
5032,25.0,20
5033,2.0,20
5034,12.0,20
5035,68.0,20
5036,73.0,20
5037,7.0,20
5038,1.0,20
5039,8.0,20
5040,4.0,20
5041,7.0,20
5042,22.0,20
5043,39.0,20
5044,51.0,20
5045,35.0,20
5046,12.0,20
5047,3.0,20
5048,4.0,20
5049,7.0,20
5050,48.0,20
5051,4.0,20
5052,3.0,20
5053,4.0,20
5054,27.0,20
5055,4.0,20
5056,2.0,20
5057,6.0,20
5058,1.0,20
5059,7.0,20
5060,25.0,20
5061,3.0,20
5062,3.0,20
5063,52.0,20
5064,4.0,20
5065,4.0,20
5066,4.0,20
5067,15.0,20
5068,3.0,20
5069,8.0,20
5070,40.0,20
5071,14.0,20
5072,1.0,20
5073,9.0,20
5074,17.0,20
5075,3.0,20
5076,20.0,20
5077,10.0,20
5078,15.0,20
5079,6.0,20
5080,36.0,20
5081,13.0,20
5082,5.0,20
5083,73.0,20
5084,18.0,20
5085,7.0,20
5086,1.0,20
5087,9.0,20
5088,19.0,20
5089,11.0,20
5090,4.0,20
5091,4.0,20
5092,5.0,20
5093,18.0,20
5094,2.0,20
5095,4.0,20
5096,5.0,20
5097,24.0,20
5098,6.0,20
5099,20.0,20
5100,2.0,20
5101,3.0,20
5102,2.0,20
5103,28.0,20
5104,3.0,20
5105,16.0,20
5106,20.0,20
5107,8.0,20
5108,8.0,20
5109,4.0,20
5110,7.0,20
5111,3.0,20
5112,33.0,20
5113,9.0,20
5114,5.0,20
5115,4.0,20
5116,7.0,20
5117,28.0,20
5118,15.0,20
5119,7.0,20
5120,2.0,20
5121,15.0,20
5122,46.0,20
5123,2.0,20
5124,7.0,20
5125,50.0,20
5126,11.0,20
5127,25.0,20
5128,223.0,19
5129,25.0,20
5130,11.0,20
5131,8.0,20
5132,5.0,20
5133,1.0,20
5134,2.0,20
5135,18.0,20
5136,10.0,20
5137,1.0,20
5138,4.0,20
5139,6.0,20
5140,15.0,20
5141,3.0,20
5142,11.0,20
5143,80.0,20
5144,17.0,20
5145,8.0,20
5146,20.0,20
5147,38.0,20
5148,13.0,20
5149,2.0,20
5150,5.0,20
5151,4.0,20
5152,3.0,20
5153,1.0,20
5154,14.0,20
5155,4.0,20
5156,38.0,20
5157,199.0,19
5158,5.0,20
5159,11.0,20
5160,5.0,20
5161,22.0,20
5162,5.0,20
5163,37.0,20
5164,30.0,20
5165,2.0,20
5166,8.0,20
5167,3.0,20
5168,6.0,20
5169,10.0,20
5170,75.0,20
5171,9.0,20
5172,2.0,20
5173,40.0,20
5174,4.0,20
5175,1.0,20
5176,20.0,20
5177,6.0,20
5178,17.0,20
5179,7.0,20
5180,5.0,20
5181,10.0,20
5182,25.0,20
5183,4.0,20
5184,3.0,20
5185,8.0,20
5186,20.0,20
5187,35.0,20
5188,2.0,20
5189,2.0,20
5190,33.0,20
5191,4.0,20
5192,29.0,20
5193,44.0,20
5194,13.0,20
5195,43.0,20
5196,3.0,20
5197,7.0,20
5198,10.0,20
5199,4.0,20
5200,14.0,20
5201,1.0,20
5202,29.0,20
5203,9.0,20
5204,1.0,20
5205,12.0,20
5206,1.0,20
5207,7.0,20
5208,6.0,20
5209,53.0,20
5210,5.0,20
5211,114.0,20
5212,89.0,20
5213,19.0,20
5214,31.0,20
5215,4.0,20
5216,29.0,20
5217,11.0,20
5218,15.0,20
5219,25.0,20
5220,2.0,20
5221,8.0,20
5222,42.0,20
5223,1.0,20
5224,2.0,20
5225,6.0,20
5226,7.0,20
5227,3.0,20
5228,3.0,20
5229,3.0,20
5230,21.0,20
5231,45.0,20
5232,1.0,20
5233,6.0,20
5234,3.0,20
5235,14.0,20
5236,13.0,20
5237,121.0,20
5238,15.0,20
5239,14.0,20
5240,7.0,20
5241,5.0,20
5242,9.0,20
5243,5.0,20
5244,15.0,20
5245,69.0,20
5246,35.0,20
5247,4.0,20
5248,5.0,20
5249,9.0,20
5250,7.0,20
5251,7.0,20
5252,12.0,20
5253,8.0,20
5254,25.0,20
5255,2.0,20
5256,3.0,20
5257,5.0,20
5258,1.0,20
5259,3.0,20
5260,73.0,20
5261,11.0,20
5262,5.0,20
5263,72.0,20
5264,26.0,20
5265,14.0,20
5266,167.0,19
5267,61.0,20
5268,1.0,20
5269,19.0,20
5270,31.0,20
5271,8.0,20
5272,29.0,20
5273,30.0,20
5274,24.0,20
5275,20.0,20
5276,20.0,20
5277,13.0,20
5278,382.0,17
5279,9.0,20
5280,32.0,20
5281,2.0,20
5282,2.0,20
5283,44.0,20
5284,7.0,20
5285,8.0,20
5286,5.0,20
5287,4.0,20
5288,7.0,20
5289,6.0,20
5290,56.0,20
5291,5.0,20
5292,2.0,20
5293,30.0,20
5294,1.0,20
5295,2.0,20
5296,2.0,20
5297,47.0,20
5298,13.0,20
5299,53.0,20
5300,5.0,20
5301,17.0,20
5302,12.0,20
5303,39.0,20
5304,6.0,20
5305,8.0,20
5306,28.0,20
5307,2.0,20
5308,40.0,20
5309,13.0,20
5310,6.0,20
5311,9.0,20
5312,7.0,20
5313,25.0,20
5314,2.0,20
5315,25.0,20
5316,5.0,20
5317,13.0,20
5318,21.0,20
5319,8.0,20
5320,2.0,20
5321,14.0,20
5322,2.0,20
5323,104.0,20
5324,43.0,20
5325,2.0,20
5326,34.0,20
5327,1.0,20
5328,330.0,18
5329,3.0,20
5330,32.0,20
5331,8.0,20
5332,1.0,20
5333,11.0,20
5334,6.0,20
5335,19.0,20
5336,8.0,20
5337,15.0,20
5338,14.0,20
5339,11.0,20
5340,19.0,20
5341,5.0,20
5342,1.0,20
5343,18.0,20
5344,13.0,20
5345,17.0,20
5346,12.0,20
5347,4.0,20
5348,2.0,20
5349,7.0,20
5350,12.0,20
5351,4.0,20
5352,1.0,20
5353,19.0,20
5354,26.0,20
5355,38.0,20
5356,8.0,20
5357,27.0,20
5358,7.0,20
5359,44.0,20
5360,22.0,20
5361,4.0,20
5362,4.0,20
5363,37.0,20
5364,11.0,20
5365,18.0,20
5366,19.0,20
5367,3.0,20
5368,20.0,20
5369,3.0,20
5370,6.0,20
5371,1.0,20
5372,15.0,20
5373,13.0,20
5374,16.0,20
5375,7.0,20
5376,40.0,20
5377,2.0,20
5378,24.0,20
5379,9.0,20
5380,9.0,20
5381,8.0,20
5382,5.0,20
5383,64.0,20
5384,19.0,20
5385,3.0,20
5386,8.0,20
5387,27.0,20
5388,7.0,20
5389,30.0,20
5390,3.0,20
5391,14.0,20
5392,2.0,20
5393,50.0,20
5394,29.0,20
5395,5.0,20
5396,3.0,20
5397,4.0,20
5398,6.0,20
5399,2.0,20
5400,3.0,20
5401,11.0,20
5402,100.0,20
5403,6.0,20
5404,2.0,20
5405,9.0,20
5406,5.0,20
5407,4.0,20
5408,2.0,20
5409,2.0,20
5410,2.0,20
5411,6.0,20
5412,3.0,20
5413,8.0,20
5414,7.0,20
5415,25.0,20
5416,26.0,20
5417,4.0,20
5418,3.0,20
5419,2.0,20
5420,4.0,20
5421,13.0,20
5422,35.0,20
5423,3.0,20
5424,6.0,20
5425,7.0,20
5426,56.0,20
5427,31.0,20
5428,13.0,20
5429,11.0,20
5430,11.0,20
5431,5.0,20
5432,12.0,20
5433,14.0,20
5434,10.0,20
5435,21.0,20
5436,9.0,20
5437,18.0,20
5438,3.0,20
5439,156.0,19
5440,17.0,20
5441,8.0,20
5442,16.0,20
5443,2.0,20
5444,9.0,20
5445,2.0,20
5446,37.0,20
5447,17.0,20
5448,6.0,20
5449,4.0,20
5450,21.0,20
5451,37.0,20
5452,39.0,20
5453,1.0,20
5454,33.0,20
5455,10.0,20
5456,20.0,20
5457,8.0,20
5458,57.0,20
5459,39.0,20
5460,47.0,20
5461,82.0,20
5462,36.0,20
5463,9.0,20
5464,10.0,20
5465,2.0,20
5466,444.0,15
5467,24.0,20
5468,1.0,20
5469,2.0,20
5470,19.0,20
5471,4.0,20
5472,4.0,20
5473,27.0,20
5474,14.0,20
5475,48.0,20
5476,16.0,20
5477,15.0,20
5478,4.0,20
5479,5.0,20
5480,2.0,20
5481,2.0,20
5482,45.0,20
5483,6.0,20
5484,37.0,20
5485,2.0,20
5486,29.0,20
5487,4.0,20
5488,16.0,20
5489,18.0,20
5490,4.0,20
5491,9.0,20
5492,30.0,20
5493,2.0,20
5494,22.0,20
5495,1.0,20
5496,58.0,20
5497,20.0,20
5498,11.0,20
5499,9.0,20
5500,11.0,20
5501,1.0,20
5502,26.0,20
5503,4.0,20
5504,4.0,20
5505,6.0,20
5506,63.0,20
5507,5.0,20
5508,69.0,20
5509,5.0,20
5510,11.0,20
5511,4.0,20
5512,22.0,20
5513,14.0,20
5514,2.0,20
5515,16.0,20
5516,7.0,20
5517,25.0,20
5518,6.0,20
5519,2.0,20
5520,6.0,20
5521,23.0,20
5522,4.0,20
5523,59.0,20
5524,8.0,20
5525,3.0,20
5526,13.0,20
5527,6.0,20
5528,2.0,20
5529,5.0,20
5530,50.0,20
5531,1.0,20
5532,42.0,20
5533,13.0,20
5534,19.0,20
5535,41.0,20
5536,24.0,20
5537,81.0,20
5538,7.0,20
5539,6.0,20
5540,5.0,20
5541,8.0,20
5542,7.0,20
5543,79.0,20
5544,15.0,20
5545,13.0,20
5546,6.0,20
5547,10.0,20
5548,7.0,20
5549,21.0,20
5550,122.0,20
5551,39.0,20
5552,2.0,20
5553,2.0,20
5554,6.0,20
5555,14.0,20
5556,14.0,20
5557,20.0,20
5558,2.0,20
5559,4.0,20
5560,75.0,20
5561,4.0,20
5562,6.0,20
5563,6.0,20
5564,13.0,20
5565,151.0,19
5566,7.0,20
5567,32.0,20
5568,25.0,20
5569,18.0,20
5570,7.0,20
5571,4.0,20
5572,4.0,20
5573,7.0,20
5574,15.0,20
5575,12.0,20
5576,10.0,20
5577,7.0,20
5578,31.0,20
5579,4.0,20
5580,23.0,20
5581,8.0,20
5582,10.0,20
5583,9.0,20
5584,14.0,20
5585,4.0,20
5586,10.0,20
5587,26.0,20
5588,3.0,20
5589,3.0,20
5590,1.0,20
5591,45.0,20
5592,34.0,20
5593,3.0,20
5594,34.0,20
5595,32.0,20
5596,7.0,20
5597,6.0,20
5598,14.0,20
5599,20.0,20
5600,9.0,20
5601,4.0,20
5602,2.0,20
5603,9.0,20
5604,44.0,20
5605,146.0,19
5606,69.0,20
5607,13.0,20
5608,4.0,20
5609,23.0,20
5610,9.0,20
5611,3.0,20
5612,2.0,20
5613,2.0,20
5614,2.0,20
5615,2.0,20
5616,16.0,20
5617,6.0,20
5618,5.0,20
5619,17.0,20
5620,24.0,20
5621,52.0,20
5622,40.0,20
5623,5.0,20
5624,7.0,20
5625,3.0,20
5626,21.0,20
5627,5.0,20
5628,3.0,20
5629,70.0,20
5630,1.0,20
5631,9.0,20
5632,32.0,20
5633,4.0,20
5634,8.0,20
5635,5.0,20
5636,9.0,20
5637,77.0,20
5638,19.0,20
5639,6.0,20
5640,353.0,17
5641,27.0,20
5642,8.0,20
5643,35.0,20
5644,12.0,20
5645,10.0,20
5646,17.0,20
5647,1.0,20
5648,7.0,20
5649,19.0,20
5650,28.0,20
5651,7.0,20
5652,9.0,20
5653,2.0,20
5654,9.0,20
5655,17.0,20
5656,19.0,20
5657,4.0,20
5658,3.0,20
5659,5.0,20
5660,21.0,20
5661,3.0,20
5662,1.0,20
5663,80.0,20
5664,47.0,20
5665,65.0,20
5666,3.0,20
5667,3.0,20
5668,6.0,20
5669,5.0,20
5670,3.0,20
5671,29.0,20
5672,21.0,20
5673,18.0,20
5674,1.0,20
5675,6.0,20
5676,58.0,20
5677,15.0,20
5678,20.0,20
5679,12.0,20
5680,10.0,20
5681,1.0,20
5682,5.0,20
5683,2.0,20
5684,15.0,20
5685,43.0,20
5686,2.0,20
5687,2.0,20
5688,9.0,20
5689,38.0,20
5690,6.0,20
5691,2.0,20
5692,15.0,20
5693,18.0,20
5694,3.0,20
5695,16.0,20
5696,4.0,20
5697,19.0,20
5698,3.0,20
5699,1.0,20
5700,8.0,20
5701,4.0,20
5702,4.0,20
5703,8.0,20
5704,4.0,20
5705,17.0,20
5706,2.0,20
5707,4.0,20
5708,44.0,20
5709,18.0,20
5710,4.0,20
5711,10.0,20
5712,11.0,20
5713,23.0,20
5714,32.0,20
5715,64.0,20
5716,6.0,20
5717,51.0,20
5718,15.0,20
5719,12.0,20
5720,14.0,20
5721,9.0,20
5722,2.0,20
5723,2.0,20
5724,4.0,20
5725,4.0,20
5726,18.0,20
5727,2.0,20
5728,8.0,20
5729,3.0,20
5730,115.0,20
5731,4.0,20
5732,26.0,20
5733,13.0,20
5734,4.0,20
5735,6.0,20
5736,8.0,20
5737,10.0,20
5738,1.0,20
5739,13.0,20
5740,16.0,20
5741,5.0,20
5742,7.0,20
5743,30.0,20
5744,15.0,20
5745,94.0,20
5746,7.0,20
5747,47.0,20
5748,4.0,20
5749,1.0,20
5750,4.0,20
5751,9.0,20
5752,4.0,20
5753,6.0,20
5754,32.0,20
5755,45.0,20
5756,30.0,20
5757,7.0,20
5758,1.0,20
5759,14.0,20
5760,11.0,20
5761,1.0,20
5762,31.0,20
5763,3.0,20
5764,39.0,20
5765,1.0,20
5766,10.0,20
5767,6.0,20
5768,42.0,20
5769,48.0,20
5770,2.0,20
5771,8.0,20
5772,19.0,20
5773,6.0,20
5774,21.0,20
5775,15.0,20
5776,9.0,20
5777,88.0,20
5778,26.0,20
5779,8.0,20
5780,13.0,20
5781,8.0,20
5782,3.0,20
5783,4.0,20
5784,5.0,20
5785,1.0,20
5786,79.0,20
5787,5.0,20
5788,3.0,20
5789,5.0,20
5790,266.0,19
5791,2.0,20
5792,40.0,20
5793,10.0,20
5794,5.0,20
5795,2.0,20
5796,17.0,20
5797,4.0,20
5798,28.0,20
5799,4.0,20
5800,90.0,20
5801,2.0,20
5802,6.0,20
5803,10.0,20
5804,8.0,20
5805,2.0,20
5806,4.0,20
5807,12.0,20
5808,12.0,20
5809,3.0,20
5810,10.0,20
5811,7.0,20
5812,12.0,20
5813,1.0,20
5814,3.0,20
5815,13.0,20
5816,3.0,20
5817,17.0,20
5818,17.0,20
5819,9.0,20
5820,10.0,20
5821,14.0,20
5822,62.0,20
5823,9.0,20
5824,8.0,20
5825,1.0,20
5826,35.0,20
5827,5.0,20
5828,2.0,20
5829,39.0,20
5830,19.0,20
5831,19.0,20
5832,32.0,20
5833,13.0,20
5834,8.0,20
5835,9.0,20
5836,3.0,20
5837,24.0,20
5838,5.0,20
5839,8.0,20
5840,4.0,20
5841,8.0,20
5842,134.0,20
5843,3.0,20
5844,12.0,20
5845,5.0,20
5846,24.0,20
5847,21.0,20
5848,2.0,20
5849,9.0,20
5850,11.0,20
5851,5.0,20
5852,5.0,20
5853,17.0,20
5854,6.0,20
5855,4.0,20
5856,38.0,20
5857,14.0,20
5858,7.0,20
5859,14.0,20
5860,19.0,20
5861,2.0,20
5862,14.0,20
5863,38.0,20
5864,14.0,20
5865,9.0,20
5866,17.0,20
5867,39.0,20
5868,99.0,20
5869,2.0,20
5870,124.0,20
5871,18.0,20
5872,6.0,20
5873,14.0,20
5874,44.0,20
5875,67.0,20
5876,18.0,20
5877,9.0,20
5878,9.0,20
5879,2.0,20
5880,5.0,20
5881,45.0,20
5882,38.0,20
5883,2.0,20
5884,13.0,20
5885,12.0,20
5886,29.0,20
5887,12.0,20
5888,4.0,20
5889,10.0,20
5890,4.0,20
5891,23.0,20
5892,14.0,20
5893,366.0,17
5894,2.0,20
5895,9.0,20
5896,37.0,20
5897,28.0,20
5898,16.0,20
5899,4.0,20
5900,5.0,20
5901,6.0,20
5902,26.0,20
5903,7.0,20
5904,17.0,20
5905,7.0,20
5906,36.0,20
5907,27.0,20
5908,11.0,20
5909,6.0,20
5910,10.0,20
5911,48.0,20
5912,4.0,20
5913,5.0,20
5914,6.0,20
5915,4.0,20
5916,7.0,20
5917,25.0,20
5918,12.0,20
5919,46.0,20
5920,8.0,20
5921,23.0,20
5922,17.0,20
5923,22.0,20
5924,4.0,20
5925,41.0,20
5926,4.0,20
5927,21.0,20
5928,40.0,20
5929,4.0,20
5930,12.0,20
5931,3.0,20
5932,4.0,20
5933,8.0,20
5934,3.0,20
5935,5.0,20
5936,1.0,20
5937,2.0,20
5938,12.0,20
5939,4.0,20
5940,2.0,20
5941,8.0,20
5942,6.0,20
5943,18.0,20
5944,28.0,20
5945,4.0,20
5946,15.0,20
5947,7.0,20
5948,3.0,20
5949,6.0,20
5950,20.0,20
5951,113.0,20
5952,1.0,20
5953,17.0,20
5954,8.0,20
5955,4.0,20
5956,19.0,20
5957,4.0,20
5958,5.0,20
5959,47.0,20
5960,11.0,20
5961,1.0,20
5962,13.0,20
5963,8.0,20
5964,4.0,20
5965,34.0,20
5966,46.0,20
5967,8.0,20
5968,2.0,20
5969,2.0,20
5970,7.0,20
5971,19.0,20
5972,34.0,20
5973,8.0,20
5974,20.0,20
5975,6.0,20
5976,36.0,20
5977,17.0,20
5978,29.0,20
5979,2.0,20
5980,9.0,20
5981,110.0,20
5982,4.0,20
5983,5.0,20
5984,37.0,20
5985,6.0,20
5986,5.0,20
5987,8.0,20
5988,2.0,20
5989,21.0,20
5990,7.0,20
5991,21.0,20
5992,8.0,20
5993,28.0,20
5994,7.0,20
5995,128.0,20
5996,20.0,20
5997,5.0,20
5998,4.0,20
5999,4.0,20
6000,5.0,20
6001,3.0,20
6002,6.0,20
6003,8.0,20
6004,33.0,20
6005,13.0,20
6006,10.0,20
6007,9.0,20
6008,3.0,20
6009,10.0,20
6010,9.0,20
6011,1.0,20
6012,8.0,20
6013,1.0,20
6014,13.0,20
6015,10.0,20
6016,16.0,20
6017,14.0,20
6018,1.0,20
6019,16.0,20
6020,54.0,20
6021,1.0,20
6022,16.0,20
6023,12.0,20
6024,13.0,20
6025,1.0,20
6026,16.0,20
6027,46.0,20
6028,6.0,20
6029,4.0,20
6030,7.0,20
6031,6.0,20
6032,18.0,20
6033,14.0,20
6034,2.0,20
6035,4.0,20
6036,130.0,20
6037,3.0,20
6038,24.0,20
6039,28.0,20
6040,13.0,20
6041,8.0,20
6042,7.0,20
6043,154.0,19
6044,11.0,20
6045,36.0,20
6046,1.0,20
6047,23.0,20
6048,22.0,20
6049,65.0,20
6050,12.0,20
6051,77.0,20
6052,18.0,20
6053,21.0,20
6054,8.0,20
6055,13.0,20
6056,3.0,20
6057,5.0,20
6058,7.0,20
6059,5.0,20
6060,24.0,20
6061,46.0,20
6062,7.0,20
6063,85.0,20
6064,17.0,20
6065,13.0,20
6066,32.0,20
6067,5.0,20
6068,10.0,20
6069,13.0,20
6070,1.0,20
6071,32.0,20
6072,22.0,20
6073,7.0,20
6074,635.0,10
6075,19.0,20
6076,14.0,20
6077,2.0,20
6078,4.0,20
6079,2.0,20
6080,80.0,20
6081,4.0,20
6082,3.0,20
6083,4.0,20
6084,65.0,20
6085,7.0,20
6086,11.0,20
6087,2.0,20
6088,7.0,20
6089,9.0,20
6090,16.0,20
6091,2.0,20
6092,3.0,20
6093,13.0,20
6094,9.0,20
6095,12.0,20
6096,9.0,20
6097,2.0,20
6098,34.0,20
6099,8.0,20
6100,26.0,20
6101,5.0,20
6102,6.0,20
6103,4.0,20
6104,7.0,20
6105,13.0,20
6106,9.0,20
6107,20.0,20
6108,5.0,20
6109,4.0,20
6110,2.0,20
6111,3.0,20
6112,1.0,20
6113,28.0,20
6114,3.0,20
6115,7.0,20
6116,53.0,20
6117,16.0,20
6118,3.0,20
6119,17.0,20
6120,56.0,20
6121,16.0,20
6122,8.0,20
6123,18.0,20
6124,10.0,20
6125,1.0,20
6126,24.0,20
6127,41.0,20
6128,8.0,20
6129,6.0,20
6130,3.0,20
6131,56.0,20
6132,21.0,20
6133,5.0,20
6134,3.0,20
6135,13.0,20
6136,3.0,20
6137,13.0,20
6138,18.0,20
6139,19.0,20
6140,12.0,20
6141,2.0,20
6142,130.0,20
6143,6.0,20
6144,18.0,20
6145,88.0,20
6146,33.0,20
6147,6.0,20
6148,41.0,20
6149,12.0,20
6150,9.0,20
6151,12.0,20
6152,53.0,20
6153,3.0,20
6154,6.0,20
6155,2.0,20
6156,9.0,20
6157,25.0,20
6158,45.0,20
6159,9.0,20
6160,10.0,20
6161,18.0,20
6162,28.0,20
6163,11.0,20
6164,2.0,20
6165,1.0,20
6166,3.0,20
6167,9.0,20
6168,69.0,20
6169,94.0,20
6170,1.0,20
6171,3.0,20
6172,7.0,20
6173,29.0,20
6174,25.0,20
6175,4.0,20
6176,13.0,20
6177,19.0,20
6178,91.0,20
6179,3.0,20
6180,19.0,20
6181,9.0,20
6182,38.0,20
6183,11.0,20
6184,2.0,20
6185,23.0,20
6186,10.0,20
6187,5.0,20
6188,2.0,20
6189,6.0,20
6190,43.0,20
6191,4.0,20
6192,6.0,20
6193,18.0,20
6194,2.0,20
6195,3.0,20
6196,5.0,20
6197,33.0,20
6198,49.0,20
6199,68.0,20
6200,3.0,20
6201,11.0,20
6202,3.0,20
6203,11.0,20
6204,16.0,20
6205,4.0,20
6206,7.0,20
6207,4.0,20
6208,17.0,20
6209,84.0,20
6210,1.0,20
6211,13.0,20
6212,7.0,20
6213,3.0,20
6214,20.0,20
6215,17.0,20
6216,7.0,20
6217,11.0,20
6218,4.0,20
6219,8.0,20
6220,4.0,20
6221,18.0,20
6222,23.0,20
6223,3.0,20
6224,22.0,20
6225,90.0,20
6226,8.0,20
6227,4.0,20
6228,2.0,20
6229,5.0,20
6230,1.0,20
6231,5.0,20
6232,60.0,20
6233,9.0,20
6234,1.0,20
6235,56.0,20
6236,2.0,20
6237,51.0,20
6238,1.0,20
6239,8.0,20
6240,14.0,20
6241,3.0,20
6242,15.0,20
6243,5.0,20
6244,16.0,20
6245,6.0,20
6246,33.0,20
6247,10.0,20
6248,6.0,20
6249,2.0,20
6250,7.0,20
6251,2.0,20
6252,42.0,20
6253,2.0,20
6254,10.0,20
6255,8.0,20
6256,7.0,20
6257,1.0,20
6258,11.0,20
6259,7.0,20
6260,17.0,20
6261,201.0,19
6262,4.0,20
6263,10.0,20
6264,78.0,20
6265,6.0,20
6266,38.0,20
6267,34.0,20
6268,10.0,20
6269,1.0,20
6270,6.0,20
6271,40.0,20
6272,12.0,20
6273,4.0,20
6274,27.0,20
6275,15.0,20
6276,48.0,20
6277,6.0,20
6278,22.0,20
6279,2.0,20
6280,13.0,20
6281,11.0,20
6282,6.0,20
6283,4.0,20
6284,9.0,20
6285,236.0,19
6286,15.0,20
6287,4.0,20
6288,7.0,20
6289,11.0,20
6290,2.0,20
6291,3.0,20
6292,3.0,20
6293,3.0,20
6294,72.0,20
6295,74.0,20
6296,4.0,20
6297,44.0,20
6298,50.0,20
6299,22.0,20
6300,6.0,20
6301,15.0,20
6302,20.0,20
6303,34.0,20
6304,14.0,20
6305,40.0,20
6306,78.0,20
6307,3.0,20
6308,12.0,20
6309,13.0,20
6310,3.0,20
6311,2.0,20
6312,5.0,20
6313,20.0,20
6314,191.0,19
6315,35.0,20
6316,2.0,20
6317,6.0,20
6318,44.0,20
6319,5.0,20
6320,54.0,20
6321,11.0,20
6322,5.0,20
6323,4.0,20
6324,10.0,20
6325,49.0,20
6326,35.0,20
6327,35.0,20
6328,4.0,20
6329,2.0,20
6330,11.0,20
6331,6.0,20
6332,23.0,20
6333,26.0,20
6334,20.0,20
6335,4.0,20
6336,20.0,20
6337,6.0,20
6338,1.0,20
6339,10.0,20
6340,13.0,20
6341,5.0,20
6342,17.0,20
6343,12.0,20
6344,8.0,20
6345,65.0,20
6346,3.0,20
6347,39.0,20
6348,10.0,20
6349,1.0,20
6350,7.0,20
6351,97.0,20
6352,6.0,20
6353,55.0,20
6354,2.0,20
6355,5.0,20
6356,12.0,20
6357,12.0,20
6358,7.0,20
6359,22.0,20
6360,1.0,20
6361,5.0,20
6362,27.0,20
6363,4.0,20
6364,14.0,20
6365,16.0,20
6366,64.0,20
6367,6.0,20
6368,2.0,20
6369,7.0,20
6370,512.0,13
6371,9.0,20
6372,10.0,20
6373,4.0,20
6374,9.0,20
6375,5.0,20
6376,27.0,20
6377,4.0,20
6378,8.0,20
6379,162.0,19
6380,10.0,20
6381,8.0,20
6382,22.0,20
6383,28.0,20
6384,203.0,19
6385,41.0,20
6386,12.0,20
6387,21.0,20
6388,1.0,20
6389,25.0,20
6390,55.0,20
6391,16.0,20
6392,3.0,20
6393,3.0,20
6394,6.0,20
6395,18.0,20
6396,2.0,20
6397,8.0,20
6398,26.0,20
6399,13.0,20
6400,2.0,20
6401,62.0,20
6402,7.0,20
6403,10.0,20
6404,35.0,20
6405,45.0,20
6406,18.0,20
6407,2.0,20
6408,41.0,20
6409,11.0,20
6410,37.0,20
6411,2.0,20
6412,12.0,20
6413,181.0,19
6414,15.0,20
6415,2.0,20
6416,15.0,20
6417,1.0,20
6418,10.0,20
6419,45.0,20
6420,6.0,20
6421,33.0,20
6422,10.0,20
6423,12.0,20
6424,118.0,20
6425,15.0,20
6426,12.0,20
6427,12.0,20
6428,15.0,20
6429,19.0,20
6430,15.0,20
6431,5.0,20
6432,14.0,20
6433,6.0,20
6434,5.0,20
6435,19.0,20
6436,5.0,20
6437,47.0,20
6438,6.0,20
6439,1.0,20
6440,10.0,20
6441,30.0,20
6442,17.0,20
6443,12.0,20
6444,6.0,20
6445,2.0,20
6446,6.0,20
6447,11.0,20
6448,5.0,20
6449,138.0,20
6450,6.0,20
6451,121.0,20
6452,12.0,20
6453,5.0,20
6454,4.0,20
6455,2.0,20
6456,34.0,20
6457,11.0,20
6458,14.0,20
6459,4.0,20
6460,4.0,20
6461,5.0,20
6462,5.0,20
6463,11.0,20
6464,2.0,20
6465,27.0,20
6466,18.0,20
6467,1.0,20
6468,2.0,20
6469,21.0,20
6470,37.0,20
6471,4.0,20
6472,14.0,20
6473,3.0,20
6474,16.0,20
6475,17.0,20
6476,21.0,20
6477,1.0,20
6478,13.0,20
6479,16.0,20
6480,21.0,20
6481,12.0,20
6482,4.0,20
6483,23.0,20
6484,9.0,20
6485,3.0,20
6486,10.0,20
6487,20.0,20
6488,6.0,20
6489,24.0,20
6490,8.0,20
6491,50.0,20
6492,3.0,20
6493,68.0,20
6494,5.0,20
6495,47.0,20
6496,10.0,20
6497,4.0,20
6498,7.0,20
6499,46.0,20
6500,3.0,20
6501,3.0,20
6502,11.0,20
6503,6.0,20
6504,11.0,20
6505,7.0,20
6506,2.0,20
6507,213.0,19
6508,30.0,20
6509,143.0,20
6510,4.0,20
6511,69.0,20
6512,4.0,20
6513,3.0,20
6514,25.0,20
6515,2.0,20
6516,8.0,20
6517,52.0,20
6518,3.0,20
6519,29.0,20
6520,19.0,20
6521,25.0,20
6522,101.0,20
6523,56.0,20
6524,5.0,20
6525,26.0,20
6526,2.0,20
6527,26.0,20
6528,7.0,20
6529,6.0,20
6530,28.0,20
6531,2.0,20
6532,29.0,20
6533,4.0,20
6534,6.0,20
6535,5.0,20
6536,13.0,20
6537,3.0,20
6538,23.0,20
6539,3.0,20
6540,8.0,20
6541,30.0,20
6542,12.0,20
6543,16.0,20
6544,9.0,20
6545,15.0,20
6546,37.0,20
6547,57.0,20
6548,14.0,20
6549,17.0,20
6550,15.0,20
6551,145.0,19
6552,8.0,20
6553,4.0,20
6554,6.0,20
6555,31.0,20
6556,55.0,20
6557,13.0,20
6558,36.0,20
6559,20.0,20
6560,5.0,20
6561,7.0,20
6562,9.0,20
6563,9.0,20
6564,11.0,20
6565,16.0,20
6566,10.0,20
6567,13.0,20
6568,43.0,20
6569,38.0,20
6570,8.0,20
6571,2.0,20
6572,5.0,20
6573,6.0,20
6574,2.0,20
6575,13.0,20
6576,13.0,20
6577,10.0,20
6578,5.0,20
6579,2.0,20
6580,25.0,20
6581,6.0,20
6582,2.0,20
6583,11.0,20
6584,1.0,20
6585,39.0,20
6586,2.0,20
6587,38.0,20
6588,8.0,20
6589,6.0,20
6590,4.0,20
6591,4.0,20
6592,113.0,20
6593,41.0,20
6594,3.0,20
6595,26.0,20
6596,4.0,20
6597,8.0,20
6598,7.0,20
6599,3.0,20
6600,16.0,20
6601,6.0,20
6602,17.0,20
6603,10.0,20
6604,7.0,20
6605,5.0,20
6606,1.0,20
6607,1.0,20
6608,25.0,20
6609,1.0,20
6610,2.0,20
6611,5.0,20
6612,9.0,20
6613,100.0,20
6614,5.0,20
6615,19.0,20
6616,1.0,20
6617,95.0,20
6618,81.0,20
6619,11.0,20
6620,3.0,20
6621,5.0,20
6622,26.0,20
6623,4.0,20
6624,6.0,20
6625,6.0,20
6626,21.0,20
6627,18.0,20
6628,49.0,20
6629,2.0,20
6630,1.0,20
6631,24.0,20
6632,12.0,20
6633,35.0,20
6634,13.0,20
6635,9.0,20
6636,29.0,20
6637,13.0,20
6638,13.0,20
6639,153.0,19
6640,72.0,20
6641,5.0,20
6642,3.0,20
6643,2.0,20
6644,4.0,20
6645,6.0,20
6646,8.0,20
6647,2.0,20
6648,36.0,20
6649,7.0,20
6650,20.0,20
6651,9.0,20
6652,1.0,20
6653,11.0,20
6654,5.0,20
6655,36.0,20
6656,4.0,20
6657,2.0,20
6658,6.0,20
6659,8.0,20
6660,17.0,20
6661,19.0,20
6662,5.0,20
6663,23.0,20
6664,8.0,20
6665,2.0,20
6666,2.0,20
6667,17.0,20
6668,2.0,20
6669,2.0,20
6670,8.0,20
6671,4.0,20
6672,2.0,20
6673,18.0,20
6674,26.0,20
6675,5.0,20
6676,7.0,20
6677,14.0,20
6678,19.0,20
6679,11.0,20
6680,144.0,19
6681,5.0,20
6682,3.0,20
6683,51.0,20
6684,13.0,20
6685,1.0,20
6686,5.0,20
6687,12.0,20
6688,10.0,20
6689,2.0,20
6690,8.0,20
6691,10.0,20
6692,10.0,20
6693,31.0,20
6694,7.0,20
6695,1.0,20
6696,29.0,20
6697,5.0,20
6698,2.0,20
6699,7.0,20
6700,49.0,20
6701,4.0,20
6702,116.0,20
6703,6.0,20
6704,28.0,20
6705,8.0,20
6706,19.0,20
6707,18.0,20
6708,24.0,20
6709,12.0,20
6710,6.0,20
6711,65.0,20
6712,23.0,20
6713,34.0,20
6714,32.0,20
6715,9.0,20
6716,1.0,20
6717,30.0,20
6718,7.0,20
6719,30.0,20
6720,8.0,20
6721,2.0,20
6722,22.0,20
6723,1.0,20
6724,16.0,20
6725,5.0,20
6726,3.0,20
6727,2.0,20
6728,1.0,20
6729,1.0,20
6730,4.0,20
6731,18.0,20
6732,3.0,20
6733,21.0,20
6734,7.0,20
6735,9.0,20
6736,6.0,20
6737,13.0,20
6738,8.0,20
6739,40.0,20
6740,4.0,20
6741,22.0,20
6742,5.0,20
6743,9.0,20
6744,7.0,20
6745,39.0,20
6746,30.0,20
6747,38.0,20
6748,13.0,20
6749,1.0,20
6750,7.0,20
6751,34.0,20
6752,6.0,20
6753,14.0,20
6754,5.0,20
6755,23.0,20
6756,63.0,20
6757,39.0,20
6758,6.0,20
6759,5.0,20
6760,2.0,20
6761,64.0,20
6762,12.0,20
6763,27.0,20
6764,9.0,20
6765,7.0,20
6766,30.0,20
6767,117.0,20
6768,4.0,20
6769,13.0,20
6770,15.0,20
6771,15.0,20
6772,35.0,20
6773,14.0,20
6774,256.0,19
6775,5.0,20
6776,4.0,20
6777,5.0,20
6778,18.0,20
6779,128.0,20
6780,10.0,20
6781,1.0,20
6782,20.0,20
6783,19.0,20
6784,14.0,20
6785,7.0,20
6786,15.0,20
6787,37.0,20
6788,11.0,20
6789,1.0,20
6790,41.0,20
6791,175.0,19
6792,17.0,20
6793,2.0,20
6794,4.0,20
6795,7.0,20
6796,1.0,20
6797,40.0,20
6798,13.0,20
6799,55.0,20
6800,13.0,20
6801,10.0,20
6802,4.0,20
6803,1.0,20
6804,14.0,20
6805,50.0,20
6806,3.0,20
6807,79.0,20
6808,3.0,20
6809,7.0,20
6810,66.0,20
6811,7.0,20
6812,9.0,20
6813,8.0,20
6814,9.0,20
6815,5.0,20
6816,6.0,20
6817,42.0,20
6818,58.0,20
6819,18.0,20
6820,28.0,20
6821,13.0,20
6822,22.0,20
6823,2.0,20
6824,3.0,20
6825,15.0,20
6826,44.0,20
6827,6.0,20
6828,3.0,20
6829,5.0,20
6830,4.0,20
6831,8.0,20
6832,1.0,20
6833,16.0,20
6834,6.0,20
6835,3.0,20
6836,1.0,20
6837,35.0,20
6838,17.0,20
6839,6.0,20
6840,8.0,20
6841,12.0,20
6842,7.0,20
6843,25.0,20
6844,10.0,20
6845,16.0,20
6846,16.0,20
6847,8.0,20
6848,4.0,20
6849,12.0,20
6850,7.0,20
6851,25.0,20
6852,19.0,20
6853,2.0,20
6854,7.0,20
6855,22.0,20
6856,2.0,20
6857,27.0,20
6858,3.0,20
6859,2.0,20
6860,43.0,20
6861,14.0,20
6862,20.0,20
6863,5.0,20
6864,164.0,19
6865,9.0,20
6866,7.0,20
6867,4.0,20
6868,11.0,20
6869,41.0,20
6870,5.0,20
6871,4.0,20
6872,8.0,20
6873,84.0,20
6874,5.0,20
6875,15.0,20
6876,6.0,20
6877,21.0,20
6878,244.0,19
6879,68.0,20
6880,34.0,20
6881,11.0,20
6882,27.0,20
6883,5.0,20
6884,4.0,20
6885,10.0,20
6886,46.0,20
6887,60.0,20
6888,3.0,20
6889,12.0,20
6890,1.0,20
6891,18.0,20
6892,15.0,20
6893,3.0,20
6894,12.0,20
6895,19.0,20
6896,72.0,20
6897,7.0,20
6898,21.0,20
6899,6.0,20
6900,4.0,20
6901,32.0,20
6902,78.0,20
6903,45.0,20
6904,20.0,20
6905,3.0,20
6906,11.0,20
6907,12.0,20
6908,11.0,20
6909,26.0,20
6910,4.0,20
6911,10.0,20
6912,17.0,20
6913,127.0,20
6914,19.0,20
6915,17.0,20
6916,3.0,20
6917,65.0,20
6918,31.0,20
6919,87.0,20
6920,24.0,20
6921,52.0,20
6922,1.0,20
6923,22.0,20
6924,1.0,20
6925,12.0,20
6926,12.0,20
6927,13.0,20
6928,2.0,20
6929,17.0,20
6930,35.0,20
6931,7.0,20
6932,13.0,20
6933,22.0,20
6934,28.0,20
6935,27.0,20
6936,4.0,20
6937,6.0,20
6938,3.0,20
6939,4.0,20
6940,10.0,20
6941,10.0,20
6942,7.0,20
6943,11.0,20
6944,49.0,20
6945,27.0,20
6946,4.0,20
6947,43.0,20
6948,17.0,20
6949,2.0,20
6950,5.0,20
6951,7.0,20
6952,9.0,20
6953,1.0,20
6954,3.0,20
6955,2.0,20
6956,1.0,20
6957,9.0,20
6958,24.0,20
6959,10.0,20
6960,39.0,20
6961,4.0,20
6962,13.0,20
6963,28.0,20
6964,17.0,20
6965,57.0,20
6966,13.0,20
6967,6.0,20
6968,45.0,20
6969,15.0,20
6970,61.0,20
6971,4.0,20
6972,3.0,20
6973,16.0,20
6974,5.0,20
6975,4.0,20
6976,28.0,20
6977,13.0,20
6978,1.0,20
6979,6.0,20
6980,3.0,20
6981,9.0,20
6982,9.0,20
6983,36.0,20
6984,2.0,20
6985,9.0,20
6986,5.0,20
6987,6.0,20
6988,4.0,20
6989,7.0,20
6990,5.0,20
6991,1.0,20
6992,12.0,20
6993,3.0,20
6994,3.0,20
6995,3.0,20
6996,8.0,20
6997,45.0,20
6998,2.0,20
6999,16.0,20
7000,12.0,20
7001,2.0,20
7002,11.0,20
7003,39.0,20
7004,3.0,20
7005,17.0,20
7006,4.0,20
7007,14.0,20
7008,2.0,20
7009,3.0,20
7010,4.0,20
7011,5.0,20
7012,13.0,20
7013,4.0,20
7014,74.0,20
7015,3.0,20
7016,22.0,20
7017,14.0,20
7018,23.0,20
7019,10.0,20
7020,7.0,20
7021,2.0,20
7022,54.0,20
7023,6.0,20
7024,1.0,20
7025,8.0,20
7026,6.0,20
7027,6.0,20
7028,48.0,20
7029,2.0,20
7030,6.0,20
7031,4.0,20
7032,10.0,20
7033,26.0,20
7034,53.0,20
7035,8.0,20
7036,3.0,20
7037,12.0,20
7038,2.0,20
7039,12.0,20
7040,43.0,20
7041,40.0,20
7042,29.0,20
7043,6.0,20
7044,12.0,20
7045,4.0,20
7046,8.0,20
7047,11.0,20
7048,6.0,20
7049,2.0,20
7050,37.0,20
7051,20.0,20
7052,13.0,20
7053,11.0,20
7054,14.0,20
7055,6.0,20
7056,1.0,20
7057,4.0,20
7058,2.0,20
7059,7.0,20
7060,14.0,20
7061,8.0,20
7062,27.0,20
7063,13.0,20
7064,20.0,20
7065,17.0,20
7066,4.0,20
7067,1.0,20
7068,7.0,20
7069,11.0,20
7070,24.0,20
7071,8.0,20
7072,42.0,20
7073,5.0,20
7074,54.0,20
7075,105.0,20
7076,34.0,20
7077,20.0,20
7078,10.0,20
7079,1.0,20
7080,31.0,20
7081,1.0,20
7082,11.0,20
7083,9.0,20
7084,10.0,20
7085,5.0,20
7086,2.0,20
7087,8.0,20
7088,50.0,20
7089,5.0,20
7090,7.0,20
7091,2.0,20
7092,4.0,20
7093,1.0,20
7094,8.0,20
7095,7.0,20
7096,2.0,20
7097,8.0,20
7098,60.0,20
7099,3.0,20
7100,23.0,20
7101,4.0,20
7102,11.0,20
7103,1.0,20
7104,2.0,20
7105,4.0,20
7106,31.0,20
7107,14.0,20
7108,28.0,20
7109,25.0,20
7110,3.0,20
7111,3.0,20
7112,2.0,20
7113,3.0,20
7114,11.0,20
7115,35.0,20
7116,29.0,20
7117,53.0,20
7118,30.0,20
7119,4.0,20
7120,2.0,20
7121,5.0,20
7122,19.0,20
7123,9.0,20
7124,7.0,20
7125,2.0,20
7126,3.0,20
7127,2.0,20
7128,2.0,20
7129,13.0,20
7130,8.0,20
7131,59.0,20
7132,3.0,20
7133,57.0,20
7134,15.0,20
7135,2.0,20
7136,8.0,20
7137,15.0,20
7138,12.0,20
7139,5.0,20
7140,5.0,20
7141,27.0,20
7142,5.0,20
7143,2.0,20
7144,26.0,20
7145,12.0,20
7146,5.0,20
7147,4.0,20
7148,6.0,20
7149,28.0,20
7150,4.0,20
7151,7.0,20
7152,16.0,20
7153,5.0,20
7154,2.0,20
7155,4.0,20
7156,32.0,20
7157,16.0,20
7158,5.0,20
7159,6.0,20
7160,1.0,20
7161,6.0,20
7162,23.0,20
7163,1.0,20
7164,28.0,20
7165,16.0,20
7166,5.0,20
7167,25.0,20
7168,8.0,20
7169,18.0,20
7170,76.0,20
7171,9.0,20
7172,6.0,20
7173,20.0,20
7174,12.0,20
7175,8.0,20
7176,10.0,20
7177,6.0,20
7178,41.0,20
7179,3.0,20
7180,19.0,20
7181,23.0,20
7182,22.0,20
7183,8.0,20
7184,2.0,20
7185,5.0,20
7186,25.0,20
7187,3.0,20
7188,8.0,20
7189,4.0,20
7190,4.0,20
7191,11.0,20
7192,4.0,20
7193,2.0,20
7194,4.0,20
7195,4.0,20
7196,13.0,20
7197,13.0,20
7198,10.0,20
7199,9.0,20
7200,23.0,20
7201,2.0,20
7202,13.0,20
7203,30.0,20
7204,21.0,20
7205,18.0,20
7206,2.0,20
7207,60.0,20
7208,3.0,20
7209,3.0,20
7210,50.0,20
7211,31.0,20
7212,8.0,20
7213,2.0,20
7214,9.0,20
7215,3.0,20
7216,6.0,20
7217,10.0,20
7218,18.0,20
7219,27.0,20
7220,20.0,20
7221,2.0,20
7222,3.0,20
7223,14.0,20
7224,3.0,20
7225,5.0,20
7226,20.0,20
7227,16.0,20
7228,36.0,20
7229,3.0,20
7230,20.0,20
7231,51.0,20
7232,2.0,20
7233,3.0,20
7234,23.0,20
7235,33.0,20
7236,30.0,20
7237,63.0,20
7238,123.0,20
7239,16.0,20
7240,19.0,20
7241,25.0,20
7242,3.0,20
7243,20.0,20
7244,1.0,20
7245,12.0,20
7246,9.0,20
7247,15.0,20
7248,11.0,20
7249,1.0,20
7250,3.0,20
7251,4.0,20
7252,3.0,20
7253,2.0,20
7254,55.0,20
7255,85.0,20
7256,16.0,20
7257,4.0,20
7258,321.0,18
7259,17.0,20
7260,12.0,20
7261,13.0,20
7262,6.0,20
7263,10.0,20
7264,6.0,20
7265,8.0,20
7266,5.0,20
7267,1.0,20
7268,42.0,20
7269,8.0,20
7270,8.0,20
7271,8.0,20
7272,60.0,20
7273,26.0,20
7274,87.0,20
7275,2.0,20
7276,10.0,20
7277,43.0,20
7278,10.0,20
7279,2.0,20
7280,23.0,20
7281,8.0,20
7282,12.0,20
7283,17.0,20
7284,100.0,20
7285,5.0,20
7286,3.0,20
7287,27.0,20
7288,13.0,20
7289,53.0,20
7290,49.0,20
7291,6.0,20
7292,4.0,20
7293,1.0,20
7294,3.0,20
7295,3.0,20
7296,2.0,20
7297,4.0,20
7298,3.0,20
7299,13.0,20
7300,27.0,20
7301,8.0,20
7302,2.0,20
7303,16.0,20
7304,2.0,20
7305,6.0,20
7306,104.0,20
7307,14.0,20
7308,17.0,20
7309,8.0,20
7310,2.0,20
7311,35.0,20
7312,8.0,20
7313,24.0,20
7314,2.0,20
7315,7.0,20
7316,6.0,20
7317,42.0,20
7318,6.0,20
7319,57.0,20
7320,141.0,20
7321,4.0,20
7322,3.0,20
7323,1.0,20
7324,24.0,20
7325,2.0,20
7326,14.0,20
7327,14.0,20
7328,1.0,20
7329,1.0,20
7330,136.0,20
7331,5.0,20
7332,9.0,20
7333,7.0,20
7334,2.0,20
7335,7.0,20
7336,23.0,20
7337,1.0,20
7338,41.0,20
7339,5.0,20
7340,5.0,20
7341,8.0,20
7342,6.0,20
7343,11.0,20
7344,4.0,20
7345,9.0,20
7346,8.0,20
7347,2.0,20
7348,4.0,20
7349,13.0,20
7350,34.0,20
7351,6.0,20
7352,16.0,20
7353,4.0,20
7354,43.0,20
7355,3.0,20
7356,116.0,20
7357,11.0,20
7358,5.0,20
7359,31.0,20
7360,21.0,20
7361,3.0,20
7362,17.0,20
7363,7.0,20
7364,15.0,20
7365,51.0,20
7366,22.0,20
7367,4.0,20
7368,3.0,20
7369,22.0,20
7370,20.0,20
7371,30.0,20
7372,24.0,20
7373,6.0,20
7374,10.0,20
7375,4.0,20
7376,8.0,20
7377,12.0,20
7378,29.0,20
7379,30.0,20
7380,1.0,20
7381,23.0,20
7382,4.0,20
7383,7.0,20
7384,24.0,20
7385,4.0,20
7386,5.0,20
7387,19.0,20
7388,23.0,20
7389,87.0,20
7390,19.0,20
7391,16.0,20
7392,52.0,20
7393,10.0,20
7394,172.0,19
7395,20.0,20
7396,30.0,20
7397,24.0,20
7398,27.0,20
7399,15.0,20
7400,9.0,20
7401,18.0,20
7402,3.0,20
7403,29.0,20
7404,15.0,20
7405,7.0,20
7406,9.0,20
7407,2.0,20
7408,107.0,20
7409,21.0,20
7410,102.0,20
7411,17.0,20
7412,6.0,20
7413,6.0,20
7414,10.0,20
7415,24.0,20
7416,3.0,20
7417,5.0,20
7418,6.0,20
7419,11.0,20
7420,54.0,20
7421,10.0,20
7422,18.0,20
7423,8.0,20
7424,23.0,20
7425,8.0,20
7426,11.0,20
7427,92.0,20
7428,5.0,20
7429,19.0,20
7430,1.0,20
7431,4.0,20
7432,24.0,20
7433,15.0,20
7434,4.0,20
7435,11.0,20
7436,21.0,20
7437,3.0,20
7438,3.0,20
7439,75.0,20
7440,7.0,20
7441,100.0,20
7442,4.0,20
7443,12.0,20
7444,11.0,20
7445,22.0,20
7446,9.0,20
7447,1.0,20
7448,9.0,20
7449,7.0,20
7450,41.0,20
7451,14.0,20
7452,32.0,20
7453,81.0,20
7454,26.0,20
7455,3.0,20
7456,17.0,20
7457,13.0,20
7458,1.0,20
7459,10.0,20
7460,4.0,20
7461,13.0,20
7462,11.0,20
7463,17.0,20
7464,11.0,20
7465,15.0,20
7466,2.0,20
7467,3.0,20
7468,77.0,20
7469,9.0,20
7470,5.0,20
7471,2.0,20
7472,11.0,20
7473,2.0,20
7474,17.0,20
7475,4.0,20
7476,2.0,20
7477,8.0,20
7478,7.0,20
7479,40.0,20
7480,4.0,20
7481,38.0,20
7482,9.0,20
7483,15.0,20
7484,7.0,20
7485,8.0,20
7486,9.0,20
7487,13.0,20
7488,1.0,20
7489,8.0,20
7490,2.0,20
7491,26.0,20
7492,4.0,20
7493,36.0,20
7494,21.0,20
7495,29.0,20
7496,2.0,20
7497,3.0,20
7498,3.0,20
7499,5.0,20
7500,20.0,20
7501,11.0,20
7502,6.0,20
7503,29.0,20
7504,4.0,20
7505,41.0,20
7506,12.0,20
7507,5.0,20
7508,2.0,20
7509,17.0,20
7510,1.0,20
7511,20.0,20
7512,21.0,20
7513,16.0,20
7514,12.0,20
7515,1.0,20
7516,6.0,20
7517,36.0,20
7518,72.0,20
7519,9.0,20
7520,6.0,20
7521,32.0,20
7522,1.0,20
7523,1.0,20
7524,4.0,20
7525,2.0,20
7526,4.0,20
7527,4.0,20
7528,6.0,20
7529,2.0,20
7530,54.0,20
7531,1.0,20
7532,3.0,20
7533,27.0,20
7534,15.0,20
7535,4.0,20
7536,18.0,20
7537,4.0,20
7538,32.0,20
7539,33.0,20
7540,4.0,20
7541,12.0,20
7542,13.0,20
7543,3.0,20
7544,9.0,20
7545,3.0,20
7546,14.0,20
7547,3.0,20
7548,9.0,20
7549,48.0,20
7550,9.0,20
7551,63.0,20
7552,6.0,20
7553,3.0,20
7554,2.0,20
7555,38.0,20
7556,14.0,20
7557,1.0,20
7558,4.0,20
7559,16.0,20
7560,2.0,20
7561,5.0,20
7562,135.0,20
7563,3.0,20
7564,19.0,20
7565,1.0,20
7566,38.0,20
7567,4.0,20
7568,13.0,20
7569,42.0,20
7570,16.0,20
7571,8.0,20
7572,15.0,20
7573,5.0,20
7574,5.0,20
7575,5.0,20
7576,1.0,20
7577,5.0,20
7578,10.0,20
7579,2.0,20
7580,40.0,20
7581,21.0,20
7582,11.0,20
7583,52.0,20
7584,15.0,20
7585,29.0,20
7586,5.0,20
7587,3.0,20
7588,9.0,20
7589,6.0,20
7590,2.0,20
7591,2.0,20
7592,9.0,20
7593,28.0,20
7594,7.0,20
7595,2.0,20
7596,45.0,20
7597,33.0,20
7598,6.0,20
7599,18.0,20
7600,9.0,20
7601,3.0,20
7602,20.0,20
7603,14.0,20
7604,4.0,20
7605,3.0,20
7606,3.0,20
7607,1.0,20
7608,11.0,20
7609,2.0,20
7610,13.0,20
7611,10.0,20
7612,26.0,20
7613,11.0,20
7614,8.0,20
7615,1.0,20
7616,9.0,20
7617,13.0,20
7618,131.0,20
7619,44.0,20
7620,5.0,20
7621,10.0,20
7622,6.0,20
7623,13.0,20
7624,16.0,20
7625,5.0,20
7626,4.0,20
7627,2.0,20
7628,174.0,19
7629,18.0,20
7630,3.0,20
7631,30.0,20
7632,3.0,20
7633,26.0,20
7634,2.0,20
7635,25.0,20
7636,3.0,20
7637,4.0,20
7638,2.0,20
7639,4.0,20
7640,76.0,20
7641,7.0,20
7642,2.0,20
7643,17.0,20
7644,1.0,20
7645,9.0,20
7646,5.0,20
7647,12.0,20
7648,23.0,20
7649,4.0,20
7650,12.0,20
7651,27.0,20
7652,11.0,20
7653,14.0,20
7654,5.0,20
7655,8.0,20
7656,4.0,20
7657,3.0,20
7658,2.0,20
7659,8.0,20
7660,13.0,20
7661,104.0,20
7662,7.0,20
7663,16.0,20
7664,5.0,20
7665,2.0,20
7666,5.0,20
7667,5.0,20
7668,20.0,20
7669,8.0,20
7670,8.0,20
7671,17.0,20
7672,42.0,20
7673,2.0,20
7674,6.0,20
7675,26.0,20
7676,39.0,20
7677,59.0,20
7678,18.0,20
7679,4.0,20
7680,23.0,20
7681,11.0,20
7682,3.0,20
7683,21.0,20
7684,40.0,20
7685,13.0,20
7686,27.0,20
7687,9.0,20
7688,27.0,20
7689,7.0,20
7690,4.0,20
7691,13.0,20
7692,10.0,20
7693,52.0,20
7694,7.0,20
7695,13.0,20
7696,4.0,20
7697,2.0,20
7698,11.0,20
7699,3.0,20
7700,6.0,20
7701,4.0,20
7702,8.0,20
7703,19.0,20
7704,35.0,20
7705,4.0,20
7706,15.0,20
7707,3.0,20
7708,28.0,20
7709,7.0,20
7710,16.0,20
7711,22.0,20
7712,8.0,20
7713,10.0,20
7714,11.0,20
7715,3.0,20
7716,34.0,20
7717,10.0,20
7718,15.0,20
7719,25.0,20
7720,5.0,20
7721,4.0,20
7722,10.0,20
7723,4.0,20
7724,11.0,20
7725,6.0,20
7726,28.0,20
7727,21.0,20
7728,5.0,20
7729,36.0,20
7730,3.0,20
7731,54.0,20
7732,25.0,20
7733,6.0,20
7734,15.0,20
7735,22.0,20
7736,29.0,20
7737,6.0,20
7738,36.0,20
7739,2.0,20
7740,25.0,20
7741,12.0,20
7742,16.0,20
7743,4.0,20
7744,7.0,20
7745,7.0,20
7746,17.0,20
7747,2.0,20
7748,17.0,20
7749,55.0,20
7750,8.0,20
7751,5.0,20
7752,22.0,20
7753,42.0,20
7754,9.0,20
7755,12.0,20
7756,2.0,20
7757,5.0,20
7758,31.0,20
7759,1.0,20
7760,1.0,20
7761,15.0,20
7762,25.0,20
7763,32.0,20
7764,9.0,20
7765,7.0,20
7766,2.0,20
7767,35.0,20
7768,32.0,20
7769,15.0,20
7770,23.0,20
7771,10.0,20
7772,15.0,20
7773,13.0,20
7774,5.0,20
7775,32.0,20
7776,15.0,20
7777,7.0,20
7778,47.0,20
7779,55.0,20
7780,8.0,20
7781,14.0,20
7782,19.0,20
7783,3.0,20
7784,30.0,20
7785,3.0,20
7786,5.0,20
7787,17.0,20
7788,1.0,20
7789,3.0,20
7790,4.0,20
7791,12.0,20
7792,5.0,20
7793,2.0,20
7794,3.0,20
7795,7.0,20
7796,6.0,20
7797,2.0,20
7798,14.0,20
7799,49.0,20
7800,29.0,20
7801,8.0,20
7802,22.0,20
7803,3.0,20
7804,2.0,20
7805,3.0,20
7806,4.0,20
7807,6.0,20
7808,5.0,20
7809,14.0,20
7810,3.0,20
7811,7.0,20
7812,6.0,20
7813,2.0,20
7814,4.0,20
7815,6.0,20
7816,6.0,20
7817,2.0,20
7818,26.0,20
7819,9.0,20
7820,2.0,20
7821,4.0,20
7822,2.0,20
7823,1.0,20
7824,46.0,20
7825,23.0,20
7826,3.0,20
7827,29.0,20
7828,7.0,20
7829,61.0,20
7830,69.0,20
7831,8.0,20
7832,3.0,20
7833,3.0,20
7834,16.0,20
7835,6.0,20
7836,23.0,20
7837,8.0,20
7838,3.0,20
7839,14.0,20
7840,14.0,20
7841,6.0,20
7842,24.0,20
7843,14.0,20
7844,5.0,20
7845,7.0,20
7846,143.0,20
7847,10.0,20
7848,4.0,20
7849,4.0,20
7850,25.0,20
7851,5.0,20
7852,7.0,20
7853,80.0,20
7854,2.0,20
7855,10.0,20
7856,8.0,20
7857,29.0,20
7858,4.0,20
7859,8.0,20
7860,12.0,20
7861,14.0,20
7862,3.0,20
7863,18.0,20
7864,23.0,20
7865,14.0,20
7866,20.0,20
7867,17.0,20
7868,4.0,20
7869,12.0,20
7870,17.0,20
7871,26.0,20
7872,27.0,20
7873,27.0,20
7874,11.0,20
7875,9.0,20
7876,9.0,20
7877,18.0,20
7878,10.0,20
7879,5.0,20
7880,3.0,20
7881,56.0,20
7882,29.0,20
7883,3.0,20
7884,22.0,20
7885,10.0,20
7886,12.0,20
7887,21.0,20
7888,4.0,20
7889,7.0,20
7890,8.0,20
7891,9.0,20
7892,9.0,20
7893,2.0,20
7894,31.0,20
7895,38.0,20
7896,22.0,20
7897,15.0,20
7898,36.0,20
7899,44.0,20
7900,21.0,20
7901,10.0,20
7902,27.0,20
7903,12.0,20
7904,7.0,20
7905,4.0,20
7906,123.0,20
7907,2.0,20
7908,119.0,20
7909,7.0,20
7910,16.0,20
7911,12.0,20
7912,20.0,20
7913,3.0,20
7914,12.0,20
7915,5.0,20
7916,12.0,20
7917,10.0,20
7918,7.0,20
7919,21.0,20
7920,29.0,20
7921,2.0,20
7922,17.0,20
7923,24.0,20
7924,1.0,20
7925,70.0,20
7926,9.0,20
7927,47.0,20
7928,10.0,20
7929,5.0,20
7930,4.0,20
7931,9.0,20
7932,4.0,20
7933,11.0,20
7934,16.0,20
7935,7.0,20
7936,5.0,20
7937,92.0,20
7938,28.0,20
7939,8.0,20
7940,138.0,20
7941,23.0,20
7942,9.0,20
7943,3.0,20
7944,42.0,20
7945,15.0,20
7946,2.0,20
7947,15.0,20
7948,139.0,20
7949,11.0,20
7950,63.0,20
7951,2.0,20
7952,8.0,20
7953,14.0,20
7954,11.0,20
7955,34.0,20
7956,5.0,20
7957,6.0,20
7958,8.0,20
7959,1.0,20
7960,14.0,20
7961,2.0,20
7962,16.0,20
7963,31.0,20
7964,74.0,20
7965,50.0,20
7966,12.0,20
7967,11.0,20
7968,31.0,20
7969,3.0,20
7970,37.0,20
7971,2.0,20
7972,31.0,20
7973,48.0,20
7974,18.0,20
7975,3.0,20
7976,2.0,20
7977,5.0,20
7978,13.0,20
7979,4.0,20
7980,11.0,20
7981,6.0,20
7982,2.0,20
7983,31.0,20
7984,5.0,20
7985,2.0,20
7986,6.0,20
7987,43.0,20
7988,1.0,20
7989,41.0,20
7990,99.0,20
7991,47.0,20
7992,33.0,20
7993,10.0,20
7994,26.0,20
7995,13.0,20
7996,37.0,20
7997,28.0,20
7998,74.0,20
7999,7.0,20
